Study ID,Patient ID,Sample ID,Abnormal Lymphocyte Percent,Diagnosis Age,Atra Exposure,Basophils Cell Count,Blast Count,Cancer Type,Cancer Type Detailed,Cytogenetic abnormality type,Days to Sample Collection.,Days to Sample Procurement,Disease code,Performance Status,Ethnicity Category,FAB,Form completion date,Fraction Genome Altered,Neoadjuvant Therapy Type Administered Prior To Resection Text,Prior Cancer Diagnosis Occurence,ICD-10 Classification,"International Classification of Diseases for Oncology, Third Edition ICD-O-3 Histology Code","International Classification of Diseases for Oncology, Third Edition ICD-O-3 Site Code",Informed consent verified,Year Cancer Initial Diagnosis,Is FFPE,Karnofsky Performance Score,Longest Dimension,First Pathologic Diagnosis Biospecimen Acquisition Method Type,First Pathologic Diagnosis Biospecimen Acquisition Method Type,Molecular Analysis Performed Indicator,Mutation Count,Oct embedded,Oncotree Code,Overall Survival (Months),Overall Survival Status,Specimen Collection Method,Other Patient ID,Other Sample ID,Pathology Report File Name,Pathology report uuid,Performance status other timing,Performance Status Assessment Timepoint Category,Platelet count preresection,Primary Tumor Site,Primary Other Site of Disease Name,Project code,Race Category,Number of Samples Per Patient,Sample Initial Weight,Sample Type,Sample type id,Sex,Shortest Dimension,Tumor Tissue Site,Somatic Status,Specimen Current Weight,Specimen Freezing Means,Specimen Second Longest Dimension,Time between clamping and freezing,Time between excision and freezing,Tissue Source Site,TMB (nonsynonymous),Vial number
laml_tcga,TCGA-AB-2802,TCGA-AB-2802-03,0,50,NO,1,52,Leukemia,Acute Myeloid Leukemia,Normal,NA,NA,NA,NA,NOT HISPANIC OR LATINO,M4,12/14/10,NA,No,No,NA,NA,NA,YES,2001,NO,NA,NA,NA,NA,YES,10,NA,AML,11.99,1:DECEASED,NA,b93cb62a-a7dc-406d-8482-6b51a92ea3c3,b0433b3d-3baa-45e4-bb1e-069109b8a3b8,NA,NA,NA,NA,231,Peripheral Blood,NA,NA,WHITE,1,NA,Primary,3,Male,NA,Bone Marrow,Matched,NA,NA,NA,NA,NA,AB,0.333333333333,A
laml_tcga,TCGA-AB-2803,TCGA-AB-2803-03,0,61,NO,0,0,Leukemia,Acute Myeloid Leukemia,Normal,NA,NA,NA,NA,NOT HISPANIC OR LATINO,M3,12/14/10,0.0000,No,No,NA,NA,NA,YES,2001,NO,NA,NA,NA,NA,YES,14,NA,AML,26.02,1:DECEASED,NA,fb4c9803-3690-4f6a-9402-72a4f36d64d1,72c70ed6-1af2-4e8a-aac7-2c10f074df79,NA,NA,NA,NA,90,Peripheral Blood,NA,NA,WHITE,1,NA,Primary,3,Female,NA,Bone Marrow,Matched,NA,NA,NA,NA,NA,AB,0.466666666667,A
laml_tcga,TCGA-AB-2804,TCGA-AB-2804-03,0,30,YES,0,6,Leukemia,Acute Myeloid Leukemia,Normal,NA,NA,NA,NA,NOT HISPANIC OR LATINO,M3,12/14/10,0.0000,No,No,NA,NA,NA,YES,2001,NO,NA,NA,NA,NA,YES,7,NA,AML,84,0:LIVING,NA,2fcda6a9-813b-41b2-aae4-ca42c9986287,b88bb707-6041-4ab5-9f0f-ba16ef8cd60d,NA,NA,NA,NA,114,Peripheral Blood,NA,NA,WHITE,1,NA,Primary,3,Male,NA,Bone Marrow,Matched,NA,NA,NA,NA,NA,AB,0.233333333333,A
laml_tcga,TCGA-AB-2805,TCGA-AB-2805-03,0,77,NO,0,56,Leukemia,Acute Myeloid Leukemia,Normal,NA,NA,NA,NA,NOT HISPANIC OR LATINO,M0 Undifferentiated,12/14/10,0.0253,No,Yes,NA,NA,NA,YES,2002,NO,NA,NA,NA,NA,NO,12,NA,AML,18.96,1:DECEASED,NA,ada38f3e-8020-4394-9e7c-50d06dd04769,67c20e49-6de6-4022-9542-30d2f4a0d08c,NA,NA,NA,NA,105,Peripheral Blood,NA,NA,WHITE,1,NA,Primary,3,Male,NA,Bone Marrow,Matched,NA,NA,NA,NA,NA,AB,0.4,A
laml_tcga,TCGA-AB-2806,TCGA-AB-2806-03,0,46,NO,0,81,Leukemia,Acute Myeloid Leukemia,t(8;21),NA,NA,NA,NA,NOT HISPANIC OR LATINO,M1,12/14/10,0.0435,Yes,No,NA,NA,NA,YES,2002,NO,NA,NA,NA,NA,NO,17,NA,AML,31.04,1:DECEASED,NA,e78ff499-037b-450a-ac04-6fb3a9e124a4,5d38caaa-9101-4abf-beda-187addb90018,NA,NA,NA,NA,90,Peripheral Blood,NA,NA,WHITE,1,NA,Primary,3,Male,NA,Bone Marrow,Matched,NA,NA,NA,NA,NA,AB,0.566666666667,A
laml_tcga,TCGA-AB-2807,TCGA-AB-2807-03,4,68,NO,0,55,Leukemia,Acute Myeloid Leukemia,NA,NA,NA,NA,NA,NOT HISPANIC OR LATINO,M1,12/14/10,0.0111,No,No,NA,NA,NA,YES,2002,NO,NA,NA,NA,NA,YES,27,NA,AML,5.95,1:DECEASED,NA,9aedadd8-98e2-4cff-b1a3-64506bf1d95c,48554f3d-3db4-49b5-829b-9e5503191da8,NA,NA,NA,NA,63,Peripheral Blood,NA,NA,WHITE,1,NA,Primary,3,Female,NA,Bone Marrow,Matched,NA,NA,NA,NA,NA,AB,0.9,A
laml_tcga,TCGA-AB-2808,TCGA-AB-2808-03,0,23,NO,2,0,Leukemia,Acute Myeloid Leukemia,Normal,NA,NA,NA,NA,NOT HISPANIC OR LATINO,M2,12/14/10,0.0002,No,No,NA,NA,NA,YES,2002,NO,NA,NA,NA,NA,NO,9,NA,AML,93.99,0:LIVING,NA,eefba73e-bf2c-4cac-bd29-8ab3d392aa5b,ced2bd3f-250b-41b7-b809-bf35b7b27c55,NA,NA,NA,NA,38,Peripheral Blood,NA,NA,WHITE,1,NA,Primary,3,Male,NA,Bone Marrow,Matched,NA,NA,NA,NA,NA,AB,0.3,A
laml_tcga,TCGA-AB-2809,TCGA-AB-2809-03,0,64,NO,0,0,Leukemia,Acute Myeloid Leukemia,Normal,NA,NA,NA,NA,NOT HISPANIC OR LATINO,M3,12/14/10,0.0023,No,No,NA,NA,NA,YES,2002,NO,NA,NA,NA,NA,NO,4,NA,AML,2.04,1:DECEASED,NA,7b4ce492-ff40-4bf1-b3e8-75ff83e8746d,34dd9777-8996-491b-99fb-9f65f56662f1,NA,NA,NA,NA,100,Peripheral Blood,NA,NA,WHITE,1,NA,Primary,3,Female,NA,Bone Marrow,Matched,NA,NA,NA,NA,NA,AB,0.133333333333,A
laml_tcga,TCGA-AB-2810,TCGA-AB-2810-03,0,76,NO,0,88,Leukemia,Acute Myeloid Leukemia,NA,NA,NA,NA,NA,NOT HISPANIC OR LATINO,M2,12/14/10,0.0008,No,No,NA,NA,NA,YES,2002,NO,NA,NA,NA,NA,NO,12,NA,AML,1.02,1:DECEASED,NA,865cda60-ec30-4562-b681-0e90737a97ca,32bcebc5-8326-4552-8d12-a8d646f68c1e,NA,NA,NA,NA,32,Peripheral Blood,NA,NA,BLACK OR AFRICAN AMERICAN,1,NA,Primary,3,Female,NA,Bone Marrow,Matched,NA,NA,NA,NA,NA,AB,0.4,A
laml_tcga,TCGA-AB-2811,TCGA-AB-2811-03,0,81,NO,0,37,Leukemia,Acute Myeloid Leukemia,Normal,NA,NA,NA,NA,NOT HISPANIC OR LATINO,M4,12/14/10,0.0000,No,No,NA,NA,NA,YES,2002,NO,NA,NA,NA,NA,NO,9,NA,AML,7.98,1:DECEASED,NA,7cf64c74-47e6-4913-b91b-25198e36b7c8,59a8e0cf-b2c2-4fa8-af20-a5a6550174db,NA,NA,NA,NA,32,Peripheral Blood,NA,NA,WHITE,1,NA,Primary,3,Male,NA,Bone Marrow,Matched,NA,NA,NA,NA,NA,AB,0.3,A
laml_tcga,TCGA-AB-2812,TCGA-AB-2812-03,0,25,NO,0,87,Leukemia,Acute Myeloid Leukemia,Normal,NA,NA,NA,NA,NOT HISPANIC OR LATINO,M2,12/14/10,0.0001,Yes,No,NA,NA,NA,YES,2004,NO,NA,NA,NA,NA,NO,7,NA,AML,12.02,1:DECEASED,NA,11ed5289-050e-434a-a24e-79854b0d9dcc,501e697c-3b3f-40fd-ac8c-458af0edbc7a,NA,NA,NA,NA,23,Peripheral Blood,NA,NA,BLACK OR AFRICAN AMERICAN,1,NA,Primary,3,Female,NA,Bone Marrow,Matched,NA,NA,NA,NA,NA,AB,0.233333333333,A
laml_tcga,TCGA-AB-2813,TCGA-AB-2813-03,0,78,NO,0,6,Leukemia,Acute Myeloid Leukemia,Complex - >= 3 distinct abnormalities|del(5q) / 5q-,NA,NA,NA,NA,NOT HISPANIC OR LATINO,M4,12/14/10,0.1235,No,No,NA,NA,NA,YES,2005,NO,NA,NA,NA,NA,NO,15,NA,AML,1.02,1:DECEASED,NA,69da7e4d-57d3-40d6-92af-3cd1aaf9e0ec,d146609a-e320-4b19-8e6e-a8c577288219,NA,NA,NA,NA,98,Peripheral Blood,NA,NA,WHITE,1,NA,Primary,3,Male,NA,Bone Marrow,Matched,NA,NA,NA,NA,NA,AB,0.5,A
laml_tcga,TCGA-AB-2814,TCGA-AB-2814-03,16,39,NO,0,4,Leukemia,Acute Myeloid Leukemia,del(5q) / 5q-,NA,NA,NA,NA,NOT HISPANIC OR LATINO,M0 Undifferentiated,12/14/10,0.0001,No,No,NA,NA,NA,YES,2003,NO,NA,NA,NA,NA,NO,9,NA,AML,26.02,1:DECEASED,NA,e591adad-8331-4198-94c4-d03ea01f70c5,3006c724-134f-45a7-85d9-ffc113c3d487,NA,NA,NA,NA,215,Peripheral Blood,NA,NA,WHITE,1,NA,Primary,3,Female,NA,Bone Marrow,Matched,NA,NA,NA,NA,NA,AB,0.3,A
laml_tcga,TCGA-AB-2815,TCGA-AB-2815-03,11,49,NO,1,48,Leukemia,Acute Myeloid Leukemia,inv(16),NA,NA,NA,NA,NOT HISPANIC OR LATINO,M4,12/14/10,0.0001,Yes,No,NA,NA,NA,YES,2004,NO,NA,NA,NA,NA,NO,NA,NA,AML,27,1:DECEASED,NA,a7a567fa-847e-49c6-b404-f2257e00b00d,979cc789-08f1-4a9c-9759-8ec3fab54e3e,NA,NA,NA,NA,14,Peripheral Blood,NA,NA,WHITE,1,NA,Primary,3,Male,NA,Bone Marrow,Matched,NA,NA,NA,NA,NA,AB,NA,A
laml_tcga,TCGA-AB-2816,TCGA-AB-2816-03,10,57,NO,0,84,Leukemia,Acute Myeloid Leukemia,Normal,NA,NA,NA,NA,NOT HISPANIC OR LATINO,M4,12/14/10,0.0000,Yes,No,NA,NA,NA,YES,2003,NO,NA,NA,NA,NA,NO,6,NA,AML,8.05,1:DECEASED,NA,61db06eb-299a-48b3-8c71-4bea78169b4c,f3340605-0c44-4f86-9611-06ac92101f85,NA,NA,NA,NA,56,Peripheral Blood,NA,NA,WHITE,1,NA,Primary,3,Female,NA,Bone Marrow,Matched,NA,NA,NA,NA,NA,AB,0.2,A
laml_tcga,TCGA-AB-2817,TCGA-AB-2817-03,0,64,NO,1,70,Leukemia,Acute Myeloid Leukemia,Normal|del(7q) / 7q-,NA,NA,NA,NA,NOT HISPANIC OR LATINO,M2,12/14/10,0.0544,No,No,NA,NA,NA,YES,2005,NO,NA,NA,NA,NA,NO,14,NA,AML,8.97,1:DECEASED,NA,d5fe3b27-c6a6-4a35-a173-3f7b73c2ed14,72f06a26-8b38-4355-bd7b-fe0c5212ab65,NA,NA,NA,NA,19,Peripheral Blood,NA,NA,WHITE,1,NA,Primary,3,Male,NA,Bone Marrow,Matched,NA,NA,NA,NA,NA,AB,0.466666666667,A
laml_tcga,TCGA-AB-2818,TCGA-AB-2818-03,0,62,NO,0,53,Leukemia,Acute Myeloid Leukemia,Normal,NA,NA,NA,NA,NOT HISPANIC OR LATINO,M2,12/14/10,0.0007,No,No,NA,NA,NA,YES,2002,NO,NA,NA,NA,NA,NO,8,NA,AML,9.95,1:DECEASED,NA,ef853801-83be-4011-ba4d-6e2fe7153b05,9680835d-8c83-4ef4-a850-f7a37c821112,NA,NA,NA,NA,110,Peripheral Blood,NA,NA,ASIAN,1,NA,Primary,3,Female,NA,Bone Marrow,Matched,NA,NA,NA,NA,NA,AB,0.266666666667,A
laml_tcga,TCGA-AB-2819,TCGA-AB-2819-03,0,52,NO,0,18,Leukemia,Acute Myeloid Leukemia,Normal|t(8;21),NA,NA,NA,NA,NOT HISPANIC OR LATINO,M2,12/14/10,0.0000,No,Yes,NA,NA,NA,YES,2003,NO,NA,NA,NA,NA,NO,10,NA,AML,82,0:LIVING,NA,96686a1a-16d0-4cdc-b1f7-5dbbf4cf1c9f,16574e17-3e69-4bd4-a0fc-8d6d4cfe628f,NA,NA,NA,NA,22,Peripheral Blood,NA,NA,WHITE,1,NA,Primary,3,Female,NA,Bone Marrow,Matched,NA,NA,NA,NA,NA,AB,0.333333333333,A
laml_tcga,TCGA-AB-2820,TCGA-AB-2820-03,0,76,NO,0,82,Leukemia,Acute Myeloid Leukemia,Complex - >= 3 distinct abnormalities|+8,NA,NA,NA,NA,NOT HISPANIC OR LATINO,M0 Undifferentiated,12/14/10,0.4082,No,No,NA,NA,NA,YES,2003,NO,NA,NA,NA,NA,NO,14,NA,AML,0,1:DECEASED,NA,a086aba1-0df5-497b-85e7-bc84aac1acec,a1b28305-87a2-406a-89fc-08342fd1c990,NA,NA,NA,NA,85,Peripheral Blood,NA,NA,WHITE,1,NA,Primary,3,Male,NA,Bone Marrow,Matched,NA,NA,NA,NA,NA,AB,0.433333333333,A
laml_tcga,TCGA-AB-2821,TCGA-AB-2821-03,2,64,NO,0,5,Leukemia,Acute Myeloid Leukemia,Normal|+8,NA,NA,NA,NA,NOT HISPANIC OR LATINO,M1,12/14/10,0.0499,No,No,NA,NA,NA,YES,2005,NO,NA,NA,NA,NA,NO,12,NA,AML,27,1:DECEASED,NA,f6f9ed0d-2b3c-45b7-b214-853b5a207bac,0a7e464a-6b6c-44e9-a48e-d96be2a7093a,NA,NA,NA,NA,42,Peripheral Blood,NA,NA,WHITE,1,NA,Primary,3,Male,NA,Bone Marrow,Matched,NA,NA,NA,NA,NA,AB,0.4,A
laml_tcga,TCGA-AB-2822,TCGA-AB-2822-03,16,65,NO,0,34,Leukemia,Acute Myeloid Leukemia,8,NA,NA,NA,NA,NOT HISPANIC OR LATINO,M0 Undifferentiated,12/14/10,0.0499,No,No,NA,NA,NA,YES,2003,NO,NA,NA,NA,NA,YES,17,NA,AML,31.96,1:DECEASED,NA,15b2be7d-bd75-4236-b896-2ef25edd14b8,5e781d63-730f-4dfe-8bb1-4996c4aed57d,NA,NA,NA,NA,16,Peripheral Blood,NA,NA,WHITE,1,NA,Primary,3,Male,NA,Bone Marrow,Matched,NA,NA,NA,NA,NA,AB,0.566666666667,A
laml_tcga,TCGA-AB-2823,TCGA-AB-2823-03,0,61,NO,0,68,Leukemia,Acute Myeloid Leukemia,t(15;17) and variants,NA,NA,NA,NA,NOT HISPANIC OR LATINO,M3,12/14/10,0.0224,No,No,NA,NA,NA,YES,2006,NO,NA,NA,NA,NA,NO,1,NA,AML,0,1:DECEASED,NA,a05e93e6-ad8b-4893-b27d-c9cd329ad564,bcd029fe-0687-4e4a-8f69-bad828b6c4ea,NA,NA,NA,NA,22,Peripheral Blood,NA,NA,WHITE,1,NA,Primary,3,Female,NA,Bone Marrow,Matched,NA,NA,NA,NA,NA,AB,0.0333333333333,A
laml_tcga,TCGA-AB-2824,TCGA-AB-2824-03,0,45,NO,0,5,Leukemia,Acute Myeloid Leukemia,Normal,NA,NA,NA,NA,NOT HISPANIC OR LATINO,M5,12/14/10,0.0000,No,No,NA,NA,NA,YES,2004,NO,NA,NA,NA,NA,NO,5,NA,AML,0.99,1:DECEASED,NA,35ac682e-230a-4d90-9d95-c86216782b63,29113706-6ea5-4586-a644-00c8acab444b,NA,NA,NA,NA,50,Peripheral Blood,NA,NA,WHITE,1,NA,Primary,3,Male,NA,Bone Marrow,Matched,NA,NA,NA,NA,NA,AB,0.166666666667,A
laml_tcga,TCGA-AB-2825,TCGA-AB-2825-03,0,31,NO,0,6,Leukemia,Acute Myeloid Leukemia,Normal,NA,NA,NA,NA,NOT HISPANIC OR LATINO,M5,12/14/10,0.0004,Yes,No,NA,NA,NA,YES,2006,NO,NA,NA,NA,NA,NO,3,NA,AML,6.96,1:DECEASED,NA,c5f2311c-020a-47cd-a065-7fbc34488405,b12c9767-0395-4f3a-803e-f655afcdf2e5,NA,NA,NA,NA,42,Peripheral Blood,NA,NA,WHITE,1,NA,Primary,3,Female,NA,Bone Marrow,Matched,NA,NA,NA,NA,NA,AB,0.1,A
laml_tcga,TCGA-AB-2826,TCGA-AB-2826-03,0,64,NO,0,90,Leukemia,Acute Myeloid Leukemia,Normal,NA,NA,NA,NA,NOT HISPANIC OR LATINO,M4,12/14/10,0.0001,Yes,No,NA,NA,NA,YES,2002,NO,NA,NA,NA,NA,NA,5,NA,AML,24.01,1:DECEASED,NA,23e96996-f438-4e81-b3b0-d12a0c046fcd,f90f2c38-e940-4380-858d-39d4b86abce9,NA,NA,NA,NA,15,Peripheral Blood,NA,NA,WHITE,1,NA,Primary,3,Female,NA,Bone Marrow,Matched,NA,NA,NA,NA,NA,AB,0.166666666667,A
laml_tcga,TCGA-AB-2827,TCGA-AB-2827-03,0,33,NO,0,0,Leukemia,Acute Myeloid Leukemia,Normal,NA,NA,NA,NA,NOT HISPANIC OR LATINO,M2,12/14/10,0.0001,No,No,NA,NA,NA,YES,2003,NO,NA,NA,NA,NA,NO,8,NA,AML,8.97,1:DECEASED,NA,12677872-92fb-44ff-93b9-25a93fc3b188,ce5b81ba-d2c1-4988-8f50-c668400fad51,NA,NA,NA,NA,61,Peripheral Blood,NA,NA,WHITE,1,NA,Primary,3,Male,NA,Bone Marrow,Matched,NA,NA,NA,NA,NA,AB,0.266666666667,A
laml_tcga,TCGA-AB-2828,TCGA-AB-2828-03,4,55,NO,0,67,Leukemia,Acute Myeloid Leukemia,NA,NA,NA,NA,NA,NOT HISPANIC OR LATINO,M4,12/14/10,0.0010,No,No,NA,NA,NA,YES,2003,NO,NA,NA,NA,NA,NO,9,NA,AML,75.03,0:LIVING,NA,fc4ae4f8-f66b-4137-9821-e579b339cbf6,d84fe0b2-f999-4776-ad32-52dbe8fc4332,NA,NA,NA,NA,65,Peripheral Blood,NA,NA,WHITE,1,NA,Primary,3,Male,NA,Bone Marrow,Matched,NA,NA,NA,NA,NA,AB,0.3,A
laml_tcga,TCGA-AB-2829,TCGA-AB-2829-03,0,50,NO,0,0,Leukemia,Acute Myeloid Leukemia,NA,NA,NA,NA,NA,NOT HISPANIC OR LATINO,M6,12/14/10,0.1169,No,No,NA,NA,NA,YES,2004,NO,NA,NA,NA,NA,NO,9,NA,AML,8.97,1:DECEASED,NA,8dc1781e-1794-4f33-84aa-fea032f92bae,290d04ec-7cf3-49d9-800c-eadf3bd33d89,NA,NA,NA,NA,50,Peripheral Blood,NA,NA,BLACK OR AFRICAN AMERICAN,1,NA,Primary,3,Male,NA,Bone Marrow,Matched,NA,NA,NA,NA,NA,AB,0.3,A
laml_tcga,TCGA-AB-2830,TCGA-AB-2830-03,0,64,NO,0,22,Leukemia,Acute Myeloid Leukemia,Normal,NA,NA,NA,NA,NOT HISPANIC OR LATINO,M4,12/14/10,0.0270,No,No,NA,NA,NA,YES,2005,NO,NA,NA,NA,NA,NO,14,NA,AML,9.03,1:DECEASED,NA,9f0a0548-e8b4-4c44-94e7-9d5e793e5601,589fdd3f-10b8-42e1-a4e9-826b533a3b2d,NA,NA,NA,NA,134,Peripheral Blood,NA,NA,WHITE,1,NA,Primary,3,Female,NA,Bone Marrow,Matched,NA,NA,NA,NA,NA,AB,0.466666666667,A
laml_tcga,TCGA-AB-2831,TCGA-AB-2831-03,0,59,NO,1,12,Leukemia,Acute Myeloid Leukemia,Normal,NA,NA,NA,NA,NOT HISPANIC OR LATINO,M0 Undifferentiated,12/14/10,0.0000,No,No,NA,NA,NA,YES,2004,NO,NA,NA,NA,NA,NO,3,NA,AML,21.02,1:DECEASED,NA,457bf6de-ea0e-4588-a06f-055c808de158,d7c1cc2e-8d31-482a-9cf4-d1307d16a7e2,NA,NA,NA,NA,102,Peripheral Blood,NA,NA,WHITE,1,NA,Primary,3,Male,NA,Bone Marrow,Matched,NA,NA,NA,NA,NA,AB,0.1,A
laml_tcga,TCGA-AB-2832,TCGA-AB-2832-03,0,60,NO,0,0,Leukemia,Acute Myeloid Leukemia,Normal,NA,NA,NA,NA,NOT HISPANIC OR LATINO,M5,12/14/10,0.0001,No,No,NA,NA,NA,YES,2005,NO,NA,NA,NA,NA,NO,8,NA,AML,11.99,1:DECEASED,NA,9a18743d-f16b-4320-952f-af15725c17ca,132450d4-dbb4-46a5-9dbc-4b7f69c0f752,NA,NA,NA,NA,57,Peripheral Blood,NA,NA,WHITE,1,NA,Primary,3,Female,NA,Bone Marrow,Matched,NA,NA,NA,NA,NA,AB,0.266666666667,A
laml_tcga,TCGA-AB-2833,TCGA-AB-2833-03,0,77,NO,0,2,Leukemia,Acute Myeloid Leukemia,Normal,NA,NA,NA,NA,NOT HISPANIC OR LATINO,M4,12/14/10,NA,No,No,NA,NA,NA,YES,2002,NO,NA,NA,NA,NA,NO,8,NA,AML,14.98,1:DECEASED,NA,93cb13d2-863f-4c0b-956b-055ce612ae78,b1b2ea05-f406-4124-9f2c-d76b2f6e2fed,NA,NA,NA,NA,29,Peripheral Blood,NA,NA,WHITE,1,NA,Primary,3,Male,NA,Bone Marrow,Matched,NA,NA,NA,NA,NA,AB,0.266666666667,A
laml_tcga,TCGA-AB-2834,TCGA-AB-2834-03,0,33,NO,3,14,Leukemia,Acute Myeloid Leukemia,NA,NA,NA,NA,NA,NOT HISPANIC OR LATINO,M4,12/14/10,0.0003,No,No,NA,NA,NA,YES,2004,NO,NA,NA,NA,NA,NO,1,NA,AML,8.05,1:DECEASED,NA,e54de1c4-6cdc-4106-ab5d-1d7c745e690f,1fe6f1a3-b183-4e0f-9173-ab1c3225106d,NA,NA,NA,NA,111,Peripheral Blood,NA,NA,WHITE,1,NA,Primary,3,Male,NA,Bone Marrow,Matched,NA,NA,NA,NA,NA,AB,0.0333333333333,A
laml_tcga,TCGA-AB-2835,TCGA-AB-2835-03,40,48,NO,0,3,Leukemia,Acute Myeloid Leukemia,Normal,NA,NA,NA,NA,NOT HISPANIC OR LATINO,M5,12/14/10,0.0003,No,No,NA,NA,NA,YES,2005,NO,NA,NA,NA,NA,NO,3,NA,AML,54.96,0:LIVING,NA,d6ef326a-e3c6-42ad-84b9-3f7f07313101,aa3da34a-ef42-41c5-bd32-d43b31b8f511,NA,NA,NA,NA,50,Peripheral Blood,NA,NA,WHITE,1,NA,Primary,3,Male,NA,Bone Marrow,Matched,NA,NA,NA,NA,NA,AB,0.1,A
laml_tcga,TCGA-AB-2836,TCGA-AB-2836-03,7,35,NO,1,18,Leukemia,Acute Myeloid Leukemia,Normal,NA,NA,NA,NA,NOT HISPANIC OR LATINO,M4,12/14/10,0.0001,No,No,NA,NA,NA,YES,2005,NO,NA,NA,NA,NA,NO,4,NA,AML,17.02,1:DECEASED,NA,58b78fa2-7bf7-4735-bcbc-0eef3e5e3d70,ce6a7bca-67d9-4a5b-ae05-724e57ad0577,NA,NA,NA,NA,44,Peripheral Blood,NA,NA,WHITE,1,NA,Primary,3,Male,NA,Bone Marrow,Matched,NA,NA,NA,NA,NA,AB,0.133333333333,A
laml_tcga,TCGA-AB-2837,TCGA-AB-2837-03,30,66,NO,1,7,Leukemia,Acute Myeloid Leukemia,Normal,NA,NA,NA,NA,NOT HISPANIC OR LATINO,M5,12/14/10,0.0000,Yes,No,NA,NA,NA,YES,2002,NO,NA,NA,NA,NA,NO,1,NA,AML,0,1:DECEASED,NA,97007400-de05-402e-8ff7-96893ba02643,52e39e34-28e1-4a66-9544-c3ba031218ca,NA,NA,NA,NA,34,Peripheral Blood,NA,NA,WHITE,1,NA,Primary,3,Female,NA,Bone Marrow,Matched,NA,NA,NA,NA,NA,AB,0.0333333333333,A
laml_tcga,TCGA-AB-2838,TCGA-AB-2838-03,8,67,NO,0,17,Leukemia,Acute Myeloid Leukemia,Complex - >= 3 distinct abnormalities|del(5q) / 5q-|del(7q) / 7q-|+8,NA,NA,NA,NA,NOT HISPANIC OR LATINO,M2,12/14/10,0.2017,No,No,NA,NA,NA,YES,2002,NO,NA,NA,NA,NA,NO,15,NA,AML,11.99,1:DECEASED,NA,53fad992-1808-47bf-a59a-307c7e5fbed8,32418f45-43ee-4a15-b355-34312c5fa6bf,NA,NA,NA,NA,28,Peripheral Blood,NA,NA,WHITE,1,NA,Primary,3,Male,NA,Bone Marrow,Matched,NA,NA,NA,NA,NA,AB,0.5,A
laml_tcga,TCGA-AB-2839,TCGA-AB-2839-03,0,51,NO,0,79,Leukemia,Acute Myeloid Leukemia,Normal,NA,NA,NA,NA,NOT HISPANIC OR LATINO,M2,12/14/10,0.0000,Yes,No,NA,NA,NA,YES,2003,NO,NA,NA,NA,NA,NO,18,NA,AML,15.97,1:DECEASED,NA,cb262c7c-2646-45e3-bea9-376e48eefe65,1f0df35f-0d76-455c-bdbc-7918103d5900,NA,NA,NA,NA,232,Peripheral Blood,NA,NA,WHITE,1,NA,Primary,3,Female,NA,Bone Marrow,Matched,NA,NA,NA,NA,NA,AB,0.6,A
laml_tcga,TCGA-AB-2840,TCGA-AB-2840-03,0,74,NO,0,0,Leukemia,Acute Myeloid Leukemia,t(15;17) and variants,NA,NA,NA,NA,NOT HISPANIC OR LATINO,M3,12/14/10,0.0002,Yes,No,NA,NA,NA,YES,2003,NO,NA,NA,NA,NA,YES,1,NA,AML,0.92,1:DECEASED,NA,81dabf1f-e666-48c6-a912-2ea5bfecf585,005e1ff8-23b1-423e-8f7b-7c5d7469da51,NA,NA,NA,NA,42,Peripheral Blood,NA,NA,WHITE,1,NA,Primary,3,Male,NA,Bone Marrow,Matched,NA,NA,NA,NA,NA,AB,0.0333333333333,A
laml_tcga,TCGA-AB-2841,TCGA-AB-2841-03,8,51,NO,1,40,Leukemia,Acute Myeloid Leukemia,t(15;17) and variants,NA,NA,NA,NA,NOT HISPANIC OR LATINO,M3,12/14/10,0.0000,No,No,NA,NA,NA,YES,2004,NO,NA,NA,NA,NA,NO,3,NA,AML,46.02,1:DECEASED,NA,9072cf34-8632-4b57-acc8-58e8fe21c136,fb7a785b-0ebc-4600-ba34-830c6db1ea62,NA,NA,NA,NA,58,Peripheral Blood,NA,NA,WHITE,1,NA,Primary,3,Female,NA,Bone Marrow,Matched,NA,NA,NA,NA,NA,AB,0.1,A
laml_tcga,TCGA-AB-2842,TCGA-AB-2842-03,0,65,NO,2,0,Leukemia,Acute Myeloid Leukemia,NA,NA,NA,NA,NA,NOT HISPANIC OR LATINO,M4,12/14/10,0.0001,No,No,NA,NA,NA,YES,2004,NO,NA,NA,NA,NA,NO,1,NA,AML,0,1:DECEASED,NA,02e4f2da-9977-4251-81da-9e9f3a2310de,333a7fd7-7fe1-45c9-a8b9-5e2985dcf94c,NA,NA,NA,NA,27,Peripheral Blood,NA,NA,WHITE,1,NA,Primary,3,Male,NA,Bone Marrow,Matched,NA,NA,NA,NA,NA,AB,0.0333333333333,A
laml_tcga,TCGA-AB-2843,TCGA-AB-2843-03,4,77,NO,0,8,Leukemia,Acute Myeloid Leukemia,NA,NA,NA,NA,NA,NOT HISPANIC OR LATINO,M6,12/14/10,NA,No,No,NA,NA,NA,YES,2004,NO,NA,NA,NA,NA,NO,10,NA,AML,7.06,1:DECEASED,NA,ef009667-aaaf-4138-a170-e446012e0930,dd06fd74-08c3-4eb4-8f02-f277028768c0,NA,NA,NA,NA,86,Peripheral Blood,NA,NA,WHITE,1,NA,Primary,3,Male,NA,Bone Marrow,Matched,NA,NA,NA,NA,NA,AB,0.333333333333,A
laml_tcga,TCGA-AB-2844,TCGA-AB-2844-03,0,63,NO,0,71,Leukemia,Acute Myeloid Leukemia,NA,NA,NA,NA,NA,NOT HISPANIC OR LATINO,M2,12/14/10,0.0000,No,No,NA,NA,NA,YES,2005,NO,NA,NA,NA,NA,NO,12,NA,AML,4.01,1:DECEASED,NA,3e698caf-4d86-43f5-b657-5f4cef64fc5f,4ff7ec82-d8ad-46ac-90e4-bbd20ffb7519,NA,NA,NA,NA,23,Peripheral Blood,NA,NA,WHITE,1,NA,Primary,3,Male,NA,Bone Marrow,Matched,NA,NA,NA,NA,NA,AB,0.433333333333,A
laml_tcga,TCGA-AB-2845,TCGA-AB-2845-03,0,37,NO,10,33,Leukemia,Acute Myeloid Leukemia,Normal,NA,NA,NA,NA,NOT HISPANIC OR LATINO,M2,12/14/10,0.0001,No,No,NA,NA,NA,YES,2002,NO,NA,NA,NA,NA,NO,6,NA,AML,9.99,1:DECEASED,NA,b5cbd66f-948d-45a3-af3b-f17e2b35d85e,9312af9c-b4f2-4f15-8c32-5cd54548d38f,NA,NA,NA,NA,38,Peripheral Blood,NA,NA,WHITE,1,NA,Primary,3,Female,NA,Bone Marrow,Matched,NA,NA,NA,NA,NA,AB,0.2,A
laml_tcga,TCGA-AB-2846,TCGA-AB-2846-03,4,57,NO,3,17,Leukemia,Acute Myeloid Leukemia,inv(16),NA,NA,NA,NA,NOT HISPANIC OR LATINO,M4,12/14/10,0.0000,No,No,NA,NA,NA,YES,2005,NO,NA,NA,NA,NA,NO,14,NA,AML,46.06,1:DECEASED,NA,02634746-93b2-4cc4-9912-4a6d0bcd2e15,c74efdc4-b1e2-4625-8d6c-659440266b0a,NA,NA,NA,NA,76,Peripheral Blood,NA,NA,WHITE,1,NA,Primary,3,Female,NA,Bone Marrow,Matched,NA,NA,NA,NA,NA,AB,0.466666666667,A
laml_tcga,TCGA-AB-2847,TCGA-AB-2847-03,0,53,NO,1,41,Leukemia,Acute Myeloid Leukemia,Normal|del(7q) / 7q-,NA,NA,NA,NA,NOT HISPANIC OR LATINO,M1,12/14/10,NA,No,Yes,NA,NA,NA,YES,2004,NO,NA,NA,NA,NA,NO,6,NA,AML,19.97,1:DECEASED,NA,5b846aad-6133-4133-a78b-65be81332cb4,d063546b-eb87-4282-830e-cefe1be6ce55,NA,NA,NA,NA,108,Peripheral Blood,NA,NA,WHITE,1,NA,Primary,3,Male,NA,Bone Marrow,Matched,NA,NA,NA,NA,NA,AB,0.2,A
laml_tcga,TCGA-AB-2848,TCGA-AB-2848-03,2,62,NO,0,65,Leukemia,Acute Myeloid Leukemia,Normal,NA,NA,NA,NA,NOT HISPANIC OR LATINO,M4,12/14/10,0.0001,Yes,No,NA,NA,NA,YES,2005,NO,NA,NA,NA,NA,NO,1,NA,AML,14.95,1:DECEASED,NA,e562ecf8-f358-4de9-97a4-f7a94e71d4eb,a522aea9-e95f-41b8-b4ef-8164b4f2ed9e,NA,NA,NA,NA,52,Peripheral Blood,NA,NA,WHITE,1,NA,Primary,3,Male,NA,Bone Marrow,Matched,NA,NA,NA,NA,NA,AB,0.0333333333333,A
laml_tcga,TCGA-AB-2849,TCGA-AB-2849-03,4,39,NO,0,53,Leukemia,Acute Myeloid Leukemia,NA,NA,NA,NA,NA,NOT HISPANIC OR LATINO,M0 Undifferentiated,12/14/10,0.0986,No,No,NA,NA,NA,YES,2004,NO,NA,NA,NA,NA,NO,22,NA,AML,72.93,0:LIVING,NA,c21aab2a-36a0-464c-aa7d-d0c6937cab29,1db3bfce-5f7c-4b22-85ac-0a04ea137d12,NA,NA,NA,NA,175,Peripheral Blood,NA,NA,WHITE,1,NA,Primary,3,Male,NA,Bone Marrow,Matched,NA,NA,NA,NA,NA,AB,0.733333333333,A
laml_tcga,TCGA-AB-2850,TCGA-AB-2850-03,7,72,NO,1,0,Leukemia,Acute Myeloid Leukemia,Normal,NA,NA,NA,NA,NOT HISPANIC OR LATINO,M2,12/14/10,0.0001,No,No,NA,NA,NA,YES,2003,NO,NA,NA,NA,NA,NO,6,NA,AML,2,1:DECEASED,NA,ece0c0d5-c1aa-44eb-9fe3-9c3ae50cfaa6,3bd94774-67a3-4e75-9dc6-83f214b88faa,NA,NA,NA,NA,52,Peripheral Blood,NA,NA,BLACK OR AFRICAN AMERICAN,1,NA,Primary,3,Female,NA,Bone Marrow,Matched,NA,NA,NA,NA,NA,AB,0.2,A
laml_tcga,TCGA-AB-2851,TCGA-AB-2851-03,12,66,NO,0,11,Leukemia,Acute Myeloid Leukemia,Normal,NA,NA,NA,NA,NOT HISPANIC OR LATINO,M5,12/14/10,0.0000,No,No,NA,NA,NA,YES,2005,NO,NA,NA,NA,NA,NO,7,NA,AML,7.95,1:DECEASED,NA,7994d0a6-cef5-4391-a121-5a0853a34fa7,fd459b58-5df7-473d-b29b-ad05a276876a,NA,NA,NA,NA,132,Peripheral Blood,NA,NA,WHITE,1,NA,Primary,3,Female,NA,Bone Marrow,Matched,NA,NA,NA,NA,NA,AB,0.233333333333,A
laml_tcga,TCGA-AB-2853,TCGA-AB-2853-03,0,51,NO,0,85,Leukemia,Acute Myeloid Leukemia,Normal,NA,NA,NA,NA,NOT HISPANIC OR LATINO,M1,12/14/10,0.0001,No,No,NA,NA,NA,YES,2003,NO,NA,NA,NA,NA,NO,7,NA,AML,2.92,1:DECEASED,NA,a24d14d9-4f17-4625-93d0-b0624610d83d,5725982c-e9a8-40ba-921d-0e8f00f5d33a,NA,NA,NA,NA,23,Peripheral Blood,NA,NA,WHITE,1,NA,Primary,3,Male,NA,Bone Marrow,Matched,NA,NA,NA,NA,NA,AB,0.233333333333,A
laml_tcga,TCGA-AB-2854,TCGA-AB-2854-03,0,51,NO,3,2,Leukemia,Acute Myeloid Leukemia,NA,NA,NA,NA,NA,NOT HISPANIC OR LATINO,M4,12/14/10,0.0002,No,No,NA,NA,NA,YES,2003,NO,NA,NA,NA,NA,NO,9,NA,AML,12.02,1:DECEASED,NA,86850627-ca22-48ef-9b05-8e00e75d10ca,630ad110-1430-4bd3-99a9-82e6c724f7eb,NA,NA,NA,NA,143,Peripheral Blood,NA,NA,WHITE,1,NA,Primary,3,Female,NA,Bone Marrow,Matched,NA,NA,NA,NA,NA,AB,0.3,A
laml_tcga,TCGA-AB-2855,TCGA-AB-2855-03,0,18,NO,0,90,Leukemia,Acute Myeloid Leukemia,Complex - >= 3 distinct abnormalities,NA,NA,NA,NA,NOT HISPANIC OR LATINO,M1,12/14/10,0.1224,No,No,NA,NA,NA,YES,2004,NO,NA,NA,NA,NA,NO,4,NA,AML,6.96,1:DECEASED,NA,cf30bef9-bdb4-4a5e-963c-eb6a0cc323db,a59c1856-6cc4-44e4-a3da-feab21041ff1,NA,NA,NA,NA,30,Peripheral Blood,NA,NA,WHITE,1,NA,Primary,3,Male,NA,Bone Marrow,Matched,NA,NA,NA,NA,NA,AB,0.133333333333,A
laml_tcga,TCGA-AB-2856,TCGA-AB-2856-03,0,63,NO,3,39,Leukemia,Acute Myeloid Leukemia,Normal,NA,NA,NA,NA,NOT HISPANIC OR LATINO,M4,12/14/10,0.0000,No,No,NA,NA,NA,YES,2006,NO,NA,NA,NA,NA,NO,NA,NA,AML,4.93,1:DECEASED,NA,669abe06-4971-4b44-96ab-3bdf48788054,a364cb36-1668-469f-bfa7-b6d52e72b932,NA,NA,NA,NA,41,Peripheral Blood,NA,NA,WHITE,1,NA,Primary,3,Male,NA,Bone Marrow,Matched,NA,NA,NA,NA,NA,AB,NA,A
laml_tcga,TCGA-AB-2857,TCGA-AB-2857-03,4,54,NO,1,0,Leukemia,Acute Myeloid Leukemia,Complex - >= 3 distinct abnormalities|del(5q) / 5q-|del(7q) / 7q-,NA,NA,NA,NA,NOT HISPANIC OR LATINO,M6,12/14/10,0.1175,No,No,NA,NA,NA,YES,2005,NO,NA,NA,NA,NA,NO,9,NA,AML,10.05,1:DECEASED,NA,bb8cff3b-c3e6-4fc9-b9dd-9d04d76458c6,ebb8c424-de41-4543-a599-ec01559530c5,NA,NA,NA,NA,9,Peripheral Blood,NA,NA,WHITE,1,NA,Primary,3,Male,NA,Bone Marrow,Matched,NA,NA,NA,NA,NA,AB,0.3,A
laml_tcga,TCGA-AB-2858,TCGA-AB-2858-03,4,75,NO,0,54,Leukemia,Acute Myeloid Leukemia,t(8;21),NA,NA,NA,NA,NOT HISPANIC OR LATINO,M2,12/14/10,0.0002,No,No,NA,NA,NA,YES,2004,NO,NA,NA,NA,NA,NO,10,NA,AML,18.96,1:DECEASED,NA,697668df-f834-4a06-8f5a-de999b06a254,ad50b9e8-4b7c-4f6b-ae69-5a0d71593c95,NA,NA,NA,NA,21,Peripheral Blood,NA,NA,WHITE,1,NA,Primary,3,Female,NA,Bone Marrow,Matched,NA,NA,NA,NA,NA,AB,0.333333333333,A
laml_tcga,TCGA-AB-2859,TCGA-AB-2859-03,2,40,NO,1,23,Leukemia,Acute Myeloid Leukemia,Normal,NA,NA,NA,NA,NOT HISPANIC OR LATINO,M2,12/14/10,0.0003,No,No,NA,NA,NA,YES,2005,NO,NA,NA,NA,NA,NO,10,NA,AML,9.99,1:DECEASED,NA,b147ea90-5643-4680-ac90-d6e8f7166792,a96b999f-1bfc-4348-995d-e34571252651,NA,NA,NA,NA,95,Peripheral Blood,NA,NA,BLACK OR AFRICAN AMERICAN,1,NA,Primary,3,Male,NA,Bone Marrow,Matched,NA,NA,NA,NA,NA,AB,0.333333333333,A
laml_tcga,TCGA-AB-2860,TCGA-AB-2860-03,14,60,NO,2,0,Leukemia,Acute Myeloid Leukemia,Complex - >= 3 distinct abnormalities|del(5q) / 5q-|del(7q) / 7q-,NA,NA,NA,NA,NOT HISPANIC OR LATINO,M7,12/14/10,0.1292,No,No,NA,NA,NA,YES,2003,NO,NA,NA,NA,NA,NO,9,NA,AML,14.03,1:DECEASED,NA,cd2b601d-e05d-4c12-8468-f67e11051b5e,46639ea7-4ba6-4412-95f5-f93c55f8f551,NA,NA,NA,NA,59,Peripheral Blood,NA,NA,WHITE,1,NA,Primary,3,Female,NA,Bone Marrow,Matched,NA,NA,NA,NA,NA,AB,0.3,A
laml_tcga,TCGA-AB-2861,TCGA-AB-2861-03,2,76,NO,2,0,Leukemia,Acute Myeloid Leukemia,Normal|+8,NA,NA,NA,NA,NOT HISPANIC OR LATINO,M5,12/14/10,0.0504,No,No,NA,NA,NA,YES,2005,NO,NA,NA,NA,NA,NO,16,NA,AML,0,1:DECEASED,NA,68449d03-6f2e-4b17-a2bf-c0494df32303,36dc6fb9-bd46-4661-a732-eb4f10c3dc7d,NA,NA,NA,NA,79,Peripheral Blood,NA,NA,WHITE,1,NA,Primary,3,Male,NA,Bone Marrow,Matched,NA,NA,NA,NA,NA,AB,0.533333333333,A
laml_tcga,TCGA-AB-2862,TCGA-AB-2862-03,2,33,NO,0,0,Leukemia,Acute Myeloid Leukemia,Normal,NA,NA,NA,NA,NOT HISPANIC OR LATINO,M3,12/14/10,0.0001,No,No,NA,NA,NA,YES,2005,NO,NA,NA,NA,NA,NO,6,NA,AML,46.98,0:LIVING,NA,e5a70f71-1dd4-49e5-9113-1404fa9fc791,f9265de8-8827-4311-a780-b04bf91aaf36,NA,NA,NA,NA,38,Peripheral Blood,NA,NA,BLACK OR AFRICAN AMERICAN,1,NA,Primary,3,Female,NA,Bone Marrow,Matched,NA,NA,NA,NA,NA,AB,0.2,A
laml_tcga,TCGA-AB-2863,TCGA-AB-2863-03,0,63,NO,0,97,Leukemia,Acute Myeloid Leukemia,8,NA,NA,NA,NA,NOT HISPANIC OR LATINO,M1,12/14/10,0.0498,No,No,NA,NA,NA,YES,2003,NO,NA,NA,NA,NA,YES,16,NA,AML,1.02,1:DECEASED,NA,3f67b6bc-8886-459a-be73-d702f977a8ba,42c492f9-7e8c-4ba5-8396-1ea882d36d14,NA,NA,NA,NA,11,Peripheral Blood,NA,NA,WHITE,1,NA,Primary,3,Male,NA,Bone Marrow,Matched,NA,NA,NA,NA,NA,AB,0.533333333333,A
laml_tcga,TCGA-AB-2864,TCGA-AB-2864-03,0,54,NO,0,42,Leukemia,Acute Myeloid Leukemia,Normal|+8,NA,NA,NA,NA,HISPANIC OR LATINO,M1,12/14/10,0.0498,No,No,NA,NA,NA,YES,2005,NO,NA,NA,NA,NA,NO,14,NA,AML,18.96,1:DECEASED,NA,88718579-8473-48f6-ba0a-17fcfed36e14,d87686e2-64bf-4039-812e-e815270fdd34,NA,NA,NA,NA,68,Peripheral Blood,NA,NA,WHITE,1,NA,Primary,3,Female,NA,Bone Marrow,Matched,NA,NA,NA,NA,NA,AB,0.466666666667,A
laml_tcga,TCGA-AB-2865,TCGA-AB-2865-03,1,75,NO,0,48,Leukemia,Acute Myeloid Leukemia,NA,NA,NA,NA,NA,NOT HISPANIC OR LATINO,M1,12/14/10,0.0785,No,No,NA,NA,NA,YES,2005,NO,NA,NA,NA,NA,NO,16,NA,AML,2,1:DECEASED,NA,380a053f-03e4-4773-9e59-5e0af8edd9a5,27700376-1670-4271-978e-d6e483c91a67,NA,NA,NA,NA,22,Peripheral Blood,NA,NA,WHITE,1,NA,Primary,3,Male,NA,Bone Marrow,Matched,NA,NA,NA,NA,NA,AB,0.533333333333,A
laml_tcga,TCGA-AB-2866,TCGA-AB-2866-03,0,67,NO,0,61,Leukemia,Acute Myeloid Leukemia,Normal,NA,NA,NA,NA,NOT HISPANIC OR LATINO,M1,12/14/10,0.0003,No,No,NA,NA,NA,YES,2005,NO,NA,NA,NA,NA,NO,1,NA,AML,5.03,1:DECEASED,NA,f58f22e9-76b0-441f-951f-6bc795f2b7bc,71176dc5-c938-4721-bd28-283c64dec6f1,NA,NA,NA,NA,141,Peripheral Blood,NA,NA,WHITE,1,NA,Primary,3,Male,NA,Bone Marrow,Matched,NA,NA,NA,NA,NA,AB,0.0333333333333,A
laml_tcga,TCGA-AB-2867,TCGA-AB-2867-03,17,66,NO,0,6,Leukemia,Acute Myeloid Leukemia,Normal,NA,NA,NA,NA,NOT HISPANIC OR LATINO,M2,12/14/10,0.0000,No,No,NA,NA,NA,YES,2002,NO,NA,NA,NA,NA,YES,9,NA,AML,6.04,1:DECEASED,NA,8eee4228-4d30-480a-8743-5a3d98eb1741,73591aaf-e4c3-4786-b8e0-533f6539221a,NA,NA,NA,NA,168,Peripheral Blood,NA,NA,WHITE,1,NA,Primary,3,Female,NA,Bone Marrow,Matched,NA,NA,NA,NA,NA,AB,0.3,A
laml_tcga,TCGA-AB-2868,TCGA-AB-2868-03,0,77,NO,0,0,Leukemia,Acute Myeloid Leukemia,Complex - >= 3 distinct abnormalities|del(5q) / 5q-|+8,NA,NA,NA,NA,NOT HISPANIC OR LATINO,M7,12/14/10,0.1936,No,No,NA,NA,NA,YES,2002,NO,NA,NA,NA,NA,NO,15,NA,AML,4.96,1:DECEASED,NA,de53c6ef-6901-4916-8898-1a530813873b,b33e94a5-23c1-4da2-a631-ba6e0fa9b0e6,NA,NA,NA,NA,70,Peripheral Blood,NA,NA,WHITE,1,NA,Primary,3,Male,NA,Bone Marrow,Matched,NA,NA,NA,NA,NA,AB,0.5,A
laml_tcga,TCGA-AB-2869,TCGA-AB-2869-03,0,64,NO,0,46,Leukemia,Acute Myeloid Leukemia,Normal,NA,NA,NA,NA,NOT HISPANIC OR LATINO,M2,12/14/10,0.0000,No,No,NA,NA,NA,YES,2009,NO,NA,NA,NA,NA,YES,10,NA,AML,7.98,0:LIVING,NA,e44e2ac3-4a83-40b0-b266-a36626ffd6ae,d865beb2-9268-4fce-9403-3a5a20e0c66e,NA,NA,NA,NA,41,Peripheral Blood,NA,NA,BLACK OR AFRICAN AMERICAN,1,NA,Primary,3,Female,NA,Bone Marrow,Matched,NA,NA,NA,NA,NA,AB,0.333333333333,A
laml_tcga,TCGA-AB-2870,TCGA-AB-2870-03,0,76,NO,0,55,Leukemia,Acute Myeloid Leukemia,Normal|inv(16),NA,NA,NA,NA,NOT HISPANIC OR LATINO,M1,12/14/10,0.0001,Yes,No,NA,NA,NA,YES,2007,NO,NA,NA,NA,NA,YES,9,NA,AML,5.03,1:DECEASED,NA,d442e36b-6d15-4fc3-9641-5feac119db94,bcc12fff-1ddf-4e81-931b-729896a26a6e,NA,NA,NA,NA,21,Peripheral Blood,NA,NA,WHITE,1,NA,Primary,3,Male,NA,Bone Marrow,Matched,NA,NA,NA,NA,NA,AB,0.3,A
laml_tcga,TCGA-AB-2871,TCGA-AB-2871-03,5,51,NO,0,10,Leukemia,Acute Myeloid Leukemia,Normal,NA,NA,NA,NA,NOT HISPANIC OR LATINO,M1,12/14/10,0.0000,No,No,NA,NA,NA,YES,2009,NO,NA,NA,NA,NA,YES,15,NA,AML,5.03,0:LIVING,NA,b4bc4666-13ba-4864-be9b-89ff8a0a1bd8,fde79b9f-605f-4afc-a533-1102edc6b831,NA,NA,NA,NA,25,Peripheral Blood,NA,NA,BLACK OR AFRICAN AMERICAN,1,NA,Primary,3,Male,NA,Bone Marrow,Matched,NA,NA,NA,NA,NA,AB,0.5,A
laml_tcga,TCGA-AB-2872,TCGA-AB-2872-03,2,42,YES,0,2,Leukemia,Acute Myeloid Leukemia,Complex - >= 3 distinct abnormalities|t(15;17) and variants,NA,NA,NA,NA,NOT HISPANIC OR LATINO,M3,12/14/10,0.0188,No,No,NA,NA,NA,YES,2008,NO,NA,NA,NA,NA,YES,10,NA,AML,20.96,0:LIVING,NA,558a239b-fe8b-4b56-9137-4cacf8324995,f304fb88-9607-4d12-9840-85ce1265c339,NA,NA,NA,NA,35,Peripheral Blood,NA,NA,BLACK OR AFRICAN AMERICAN,1,NA,Primary,3,Male,NA,Bone Marrow,Matched,NA,NA,NA,NA,NA,AB,0.333333333333,A
laml_tcga,TCGA-AB-2873,TCGA-AB-2873-03,0,51,NO,0,0,Leukemia,Acute Myeloid Leukemia,Normal,NA,NA,NA,NA,NOT HISPANIC OR LATINO,M5,12/14/10,0.0002,Yes,No,NA,NA,NA,YES,2009,NO,NA,NA,NA,NA,YES,2,NA,AML,8.97,0:LIVING,NA,2216fd35-fea8-4d0c-9673-fbe2146fb40c,747c77b1-5052-458c-b13d-7778c51eb647,NA,NA,NA,NA,14,Peripheral Blood,NA,NA,WHITE,1,NA,Primary,3,Female,NA,Bone Marrow,Matched,NA,NA,NA,NA,NA,AB,0.0666666666667,A
laml_tcga,TCGA-AB-2874,TCGA-AB-2874-03,0,59,NO,0,48,Leukemia,Acute Myeloid Leukemia,del(7q) / 7q-,NA,NA,NA,NA,NOT HISPANIC OR LATINO,M2,12/14/10,0.0544,No,No,NA,NA,NA,YES,2009,NO,NA,NA,NA,NA,YES,14,NA,AML,13.01,0:LIVING,NA,67cf58e9-203e-455a-a25d-5e38d08028bc,72f52f3d-232b-491e-b581-42e5fe40f389,NA,NA,NA,NA,20,Peripheral Blood,NA,NA,WHITE,1,NA,Primary,3,Male,NA,Bone Marrow,Matched,NA,NA,NA,NA,NA,AB,0.466666666667,A
laml_tcga,TCGA-AB-2875,TCGA-AB-2875-03,0,43,NO,0,39,Leukemia,Acute Myeloid Leukemia,t(8;21),NA,NA,NA,NA,NOT HISPANIC OR LATINO,M2,12/14/10,0.0001,No,No,NA,NA,NA,YES,2009,NO,NA,NA,NA,NA,YES,10,NA,AML,6.96,0:LIVING,NA,ffc915b8-cacd-4974-a040-ee496f0efc0e,fec5c954-8b7a-4de0-99f8-ed8fdaa5af81,NA,NA,NA,NA,67,Peripheral Blood,NA,NA,WHITE,1,NA,Primary,3,Male,NA,Bone Marrow,Matched,NA,NA,NA,NA,NA,AB,0.333333333333,A
laml_tcga,TCGA-AB-2876,TCGA-AB-2876-03,0,45,NO,4,37,Leukemia,Acute Myeloid Leukemia,Normal,NA,NA,NA,NA,NOT HISPANIC OR LATINO,M2,12/14/10,NA,No,No,NA,NA,NA,YES,2006,NO,NA,NA,NA,NA,NO,9,NA,AML,40.05,0:LIVING,NA,80017c88-e07f-4bf6-ad00-87f3e5473d6d,0d86cd85-fea2-47f2-a9a7-660a09a7462b,NA,NA,NA,NA,116,Peripheral Blood,NA,NA,WHITE,1,NA,Primary,3,Female,NA,Bone Marrow,Matched,NA,NA,NA,NA,NA,AB,0.3,A
laml_tcga,TCGA-AB-2877,TCGA-AB-2877-03,1,60,NO,3,43,Leukemia,Acute Myeloid Leukemia,NA,NA,NA,NA,NA,NOT HISPANIC OR LATINO,M1,12/14/10,0.0000,No,Yes,NA,NA,NA,YES,2008,NO,NA,NA,NA,NA,NO,21,NA,AML,20.96,0:LIVING,NA,5088a594-ae6e-4f03-8cfd-97d9c62b2196,c2240545-852e-48a5-a8e4-4095bba73d74,NA,NA,NA,NA,45,Peripheral Blood,NA,NA,WHITE,1,NA,Primary,3,Female,NA,Bone Marrow,Matched,NA,NA,NA,NA,NA,AB,0.7,A
laml_tcga,TCGA-AB-2878,TCGA-AB-2878-03,0,47,NO,5,0,Leukemia,Acute Myeloid Leukemia,Complex - >= 3 distinct abnormalities|del(5q) / 5q-|del(7q) / 7q-,NA,NA,NA,NA,NOT HISPANIC OR LATINO,M2,12/14/10,0.1452,No,No,NA,NA,NA,YES,2006,NO,NA,NA,NA,NA,NO,13,NA,AML,11.99,1:DECEASED,NA,6cf73307-dcf9-43fb-8848-618ae5c1723b,460106a6-b0fd-4512-9583-e3242e1d5167,NA,NA,NA,NA,57,Peripheral Blood,NA,NA,WHITE,1,NA,Primary,3,Female,NA,Bone Marrow,Matched,NA,NA,NA,NA,NA,AB,0.433333333333,A
laml_tcga,TCGA-AB-2879,TCGA-AB-2879-03,0,68,NO,0,91,Leukemia,Acute Myeloid Leukemia,Normal,NA,NA,NA,NA,NOT HISPANIC OR LATINO,M1,12/14/10,0.0001,Yes,No,NA,NA,NA,YES,2009,NO,NA,NA,NA,NA,YES,5,NA,AML,8.05,0:LIVING,NA,87b2e470-fff6-4429-b77b-0552a1856337,5df8c374-1022-431d-8680-ca0bee17f808,NA,NA,NA,NA,8,Peripheral Blood,NA,NA,WHITE,1,NA,Primary,3,Female,NA,Bone Marrow,Matched,NA,NA,NA,NA,NA,AB,0.166666666667,A
laml_tcga,TCGA-AB-2880,TCGA-AB-2880-03,0,24,NO,0,76,Leukemia,Acute Myeloid Leukemia,Normal,NA,NA,NA,NA,NOT HISPANIC OR LATINO,M1,12/14/10,0.0000,No,No,NA,NA,NA,YES,2009,NO,NA,NA,NA,NA,YES,2,NA,AML,13.92,1:DECEASED,NA,e4ad3f09-7e23-4a84-b8f3-3faf2db890f4,7c7ba487-c0f2-40a9-8781-b351405636a2,NA,NA,NA,NA,34,Peripheral Blood,NA,NA,WHITE,1,NA,Primary,3,Male,NA,Bone Marrow,Matched,NA,NA,NA,NA,NA,AB,0.0666666666667,A
laml_tcga,TCGA-AB-2881,TCGA-AB-2881-03,2,48,NO,0,41,Leukemia,Acute Myeloid Leukemia,Normal|inv(16),NA,NA,NA,NA,NOT HISPANIC OR LATINO,M1,12/14/10,0.0000,No,No,NA,NA,NA,YES,2009,NO,NA,NA,NA,NA,YES,7,NA,AML,12.91,0:LIVING,NA,fff35c80-88cd-4923-80c1-0273ba5bed0f,421c391a-33c7-4a6d-aecb-9a1cb4e8a2d9,NA,NA,NA,NA,32,Peripheral Blood,NA,NA,WHITE,1,NA,Primary,3,Female,NA,Bone Marrow,Matched,NA,NA,NA,NA,NA,AB,0.233333333333,A
laml_tcga,TCGA-AB-2882,TCGA-AB-2882-03,2,73,NO,0,16,Leukemia,Acute Myeloid Leukemia,Normal|del(7q) / 7q-,NA,NA,NA,NA,NA,M2,12/14/10,0.0649,No,No,NA,NA,NA,YES,2006,NO,NA,NA,NA,NA,NO,15,NA,AML,11.99,1:DECEASED,NA,a45a91f6-55a5-4a5e-ba54-0ac0b4e87d8c,19266593-2a64-4a6a-afdc-e07ce2564992,NA,NA,NA,NA,60,Peripheral Blood,NA,NA,WHITE,1,NA,Primary,3,Female,NA,Bone Marrow,Matched,NA,NA,NA,NA,NA,AB,0.5,A
laml_tcga,TCGA-AB-2883,TCGA-AB-2883-03,0,60,NO,0,30,Leukemia,Acute Myeloid Leukemia,Normal|Complex - >= 3 distinct abnormalities|+8,NA,NA,NA,NA,NOT HISPANIC OR LATINO,M5,12/14/10,0.3593,No,No,NA,NA,NA,YES,2008,NO,NA,NA,NA,NA,YES,1,NA,AML,23.98,0:LIVING,NA,e3956736-adbc-49a2-a4a8-a6ae93b8faf3,20ade1f7-a136-442a-b668-4520d8479dfa,NA,NA,NA,NA,93,Peripheral Blood,NA,NA,WHITE,1,NA,Primary,3,Male,NA,Bone Marrow,Matched,NA,NA,NA,NA,NA,AB,0.0333333333333,A
laml_tcga,TCGA-AB-2884,TCGA-AB-2884-03,2,44,NO,0,17,Leukemia,Acute Myeloid Leukemia,Normal,NA,NA,NA,NA,NOT HISPANIC OR LATINO,M1,12/14/10,0.0000,Yes,No,NA,NA,NA,YES,2008,NO,NA,NA,NA,NA,YES,6,NA,AML,24.01,1:DECEASED,NA,ffc73551-55e9-4bbb-bd15-76088551964b,cc93c447-2fa9-4660-9627-ae26cb8b29d7,NA,NA,NA,NA,145,Peripheral Blood,NA,NA,WHITE,1,NA,Primary,3,Female,NA,Bone Marrow,Matched,NA,NA,NA,NA,NA,AB,0.2,A
laml_tcga,TCGA-AB-2885,TCGA-AB-2885-03,8,71,NO,1,54,Leukemia,Acute Myeloid Leukemia,Complex - >= 3 distinct abnormalities|del(5q) / 5q-|del(7q) / 7q-,NA,NA,NA,NA,NOT HISPANIC OR LATINO,M0 Undifferentiated,12/14/10,0.2083,No,No,NA,NA,NA,YES,2009,NO,NA,NA,NA,NA,YES,14,NA,AML,7.03,1:DECEASED,NA,1d9e9adc-734a-47a3-ad00-b3050770ba37,b08069f3-c76f-4f2d-9455-16206498a2c9,NA,NA,NA,NA,48,Peripheral Blood,NA,NA,WHITE,1,NA,Primary,3,Male,NA,Bone Marrow,Matched,NA,NA,NA,NA,NA,AB,0.466666666667,A
laml_tcga,TCGA-AB-2886,TCGA-AB-2886-03,0,26,NO,0,50,Leukemia,Acute Myeloid Leukemia,t(8;21),NA,NA,NA,NA,NOT HISPANIC OR LATINO,M2,12/14/10,0.0116,Yes,No,NA,NA,NA,YES,2009,NO,NA,NA,NA,NA,YES,13,NA,AML,5.95,0:LIVING,NA,8e57db50-eb17-4d95-8806-081290ea3cfc,783cdeda-da74-403b-bc5b-ea0bf545b25d,NA,NA,NA,NA,33,Peripheral Blood,NA,NA,WHITE,1,NA,Primary,3,Male,NA,Bone Marrow,Matched,NA,NA,NA,NA,NA,AB,0.433333333333,A
laml_tcga,TCGA-AB-2887,TCGA-AB-2887-03,0,60,NO,0,65,Leukemia,Acute Myeloid Leukemia,del(7q) / 7q-,NA,NA,NA,NA,NOT HISPANIC OR LATINO,M1,12/14/10,0.0332,No,No,NA,NA,NA,YES,2009,NO,NA,NA,NA,NA,YES,12,NA,AML,NA,1:DECEASED,NA,b3503688-662e-43cf-be58-72edb097db8a,ff4ff433-f4f9-48e3-a02e-4c39bee265cb,NA,NA,NA,NA,50,Peripheral Blood,NA,NA,WHITE,1,NA,Primary,3,Female,NA,Bone Marrow,Matched,NA,NA,NA,NA,NA,AB,0.4,A
laml_tcga,TCGA-AB-2888,TCGA-AB-2888-03,1,57,NO,1,0,Leukemia,Acute Myeloid Leukemia,NA,NA,NA,NA,NA,NOT HISPANIC OR LATINO,M4,12/14/10,0.0001,No,No,NA,NA,NA,YES,2009,NO,NA,NA,NA,NA,YES,7,NA,AML,10.97,0:LIVING,NA,88765a3f-631d-4e47-a012-e2470633a505,c42d85e2-f541-4e5a-a9b0-8b5706e434f4,NA,NA,NA,NA,129,Peripheral Blood,NA,NA,WHITE,1,NA,Primary,3,Male,NA,Bone Marrow,Matched,NA,NA,NA,NA,NA,AB,0.233333333333,A
laml_tcga,TCGA-AB-2889,TCGA-AB-2889-03,1,55,NO,0,59,Leukemia,Acute Myeloid Leukemia,inv(16),NA,NA,NA,NA,NOT HISPANIC OR LATINO,M4,12/14/10,0.0002,No,No,NA,NA,NA,YES,2009,NO,NA,NA,NA,NA,NO,2,NA,AML,9.99,0:LIVING,NA,46692ac0-8993-4cd3-9590-32ec9dd2c802,1559866c-c7c6-4595-b5c5-559b7156ea9f,NA,NA,NA,NA,9,Peripheral Blood,NA,NA,WHITE,1,NA,Primary,3,Male,NA,Bone Marrow,Matched,NA,NA,NA,NA,NA,AB,0.0666666666667,A
laml_tcga,TCGA-AB-2890,TCGA-AB-2890-03,8,69,NO,1,22,Leukemia,Acute Myeloid Leukemia,Normal,NA,NA,NA,NA,NOT HISPANIC OR LATINO,M0 Undifferentiated,12/14/10,0.0483,No,No,NA,NA,NA,YES,2009,NO,NA,NA,NA,NA,NO,7,NA,AML,0,1:DECEASED,NA,3c25d91d-0e1b-46db-a842-06275c5db258,cc415f8e-8514-497b-a669-b2c020de161a,NA,NA,NA,NA,61,Peripheral Blood,NA,NA,WHITE,1,NA,Primary,3,Male,NA,Bone Marrow,Matched,NA,NA,NA,NA,NA,AB,0.233333333333,A
laml_tcga,TCGA-AB-2891,TCGA-AB-2891-03,1,42,NO,0,51,Leukemia,Acute Myeloid Leukemia,Complex - >= 3 distinct abnormalities,NA,NA,NA,NA,NOT HISPANIC OR LATINO,M1,12/14/10,NA,No,No,NA,NA,NA,YES,2009,NO,NA,NA,NA,NA,YES,14,NA,AML,NA,1:DECEASED,NA,79378590-e28e-403b-bbde-c76c0195a980,1c8df1f1-f42d-4dca-a998-d0ae6ce58a22,NA,NA,NA,NA,176,Peripheral Blood,NA,NA,BLACK OR AFRICAN AMERICAN,1,NA,Primary,3,Male,NA,Bone Marrow,Matched,NA,NA,NA,NA,NA,AB,0.466666666667,A
laml_tcga,TCGA-AB-2892,TCGA-AB-2892-03,4,42,NO,4,16,Leukemia,Acute Myeloid Leukemia,Normal|inv(16),NA,NA,NA,NA,NOT HISPANIC OR LATINO,M4,12/14/10,0.0001,No,No,NA,NA,NA,YES,2006,NO,NA,NA,NA,NA,NO,2,NA,AML,30.98,0:LIVING,NA,f3c7fc84-3df8-4ff7-a378-26ec5d9e08a5,c5e92d6f-9fb9-4b71-9af3-8a91e33f051a,NA,NA,NA,NA,12,Peripheral Blood,NA,NA,WHITE,1,NA,Primary,3,Female,NA,Bone Marrow,Matched,NA,NA,NA,NA,NA,AB,0.0666666666667,A
laml_tcga,TCGA-AB-2893,TCGA-AB-2893-03,0,45,NO,0,6,Leukemia,Acute Myeloid Leukemia,NA,NA,NA,NA,NA,NOT HISPANIC OR LATINO,M5,12/14/10,0.0001,No,No,NA,NA,NA,YES,2006,NO,NA,NA,NA,NA,NO,NA,NA,AML,6.96,1:DECEASED,NA,a2aee2ef-c3c6-4832-bc3f-3648575af5c6,f3e73eba-cc03-4a5a-b1da-d4249fdbcc95,NA,NA,NA,NA,53,Peripheral Blood,NA,NA,WHITE,1,NA,Primary,3,Male,NA,Bone Marrow,Matched,NA,NA,NA,NA,NA,AB,0,A
laml_tcga,TCGA-AB-2894,TCGA-AB-2894-03,5,50,NO,2,10,Leukemia,Acute Myeloid Leukemia,Normal|del(7q) / 7q-|t(9;11),NA,NA,NA,NA,NOT HISPANIC OR LATINO,M5,12/14/10,0.0544,No,No,NA,NA,NA,YES,2007,NO,NA,NA,NA,NA,NO,3,NA,AML,5.95,1:DECEASED,NA,848fbfa9-1ff6-481f-910f-0423d52763da,7c7d6f2d-71f7-4e3d-a857-1dbe48ba50b6,NA,NA,NA,NA,136,Peripheral Blood,NA,NA,WHITE,1,NA,Primary,3,Female,NA,Bone Marrow,Matched,NA,NA,NA,NA,NA,AB,0.1,A
laml_tcga,TCGA-AB-2895,TCGA-AB-2895-03,0,41,NO,1,90,Leukemia,Acute Myeloid Leukemia,NA,NA,NA,NA,NA,NOT HISPANIC OR LATINO,M1,12/14/10,0.0003,Yes,No,NA,NA,NA,YES,2009,NO,NA,NA,NA,NA,YES,12,NA,AML,5.03,1:DECEASED,NA,137dfe0a-2a2b-423c-9a8a-78233b6ead74,e83e72f5-742b-4906-a0eb-9672a519c241,NA,NA,NA,NA,40,Peripheral Blood,NA,NA,WHITE,1,NA,Primary,3,Female,NA,Bone Marrow,Matched,NA,NA,NA,NA,NA,AB,0.4,A
laml_tcga,TCGA-AB-2896,TCGA-AB-2896-03,0,21,NO,1,72,Leukemia,Acute Myeloid Leukemia,Normal,NA,NA,NA,NA,NOT HISPANIC OR LATINO,M5,12/14/10,0.0001,Yes,No,NA,NA,NA,YES,2007,NO,NA,NA,NA,NA,YES,3,NA,AML,7.03,1:DECEASED,NA,8ff807a6-b63f-4a71-9ff3-b47ac91a0114,84947e22-3cf7-4884-8c11-11738bd0f0c2,NA,NA,NA,NA,73,Peripheral Blood,NA,NA,WHITE,1,NA,Primary,3,Female,NA,Bone Marrow,Matched,NA,NA,NA,NA,NA,AB,0.1,A
laml_tcga,TCGA-AB-2897,TCGA-AB-2897-03,0,50,YES,0.3,0,Leukemia,Acute Myeloid Leukemia,Normal|t(15;17) and variants,NA,NA,NA,NA,NOT HISPANIC OR LATINO,M3,12/14/10,0.0005,No,No,NA,NA,NA,YES,2009,NO,NA,NA,NA,NA,NO,6,NA,AML,7.98,0:LIVING,NA,995bdb1e-c67e-43eb-9fbd-16eb290926d5,01f75c4d-b2e0-4847-b7af-4e3e00714d52,NA,NA,NA,NA,27,Peripheral Blood,NA,NA,WHITE,1,NA,Primary,3,Female,NA,Bone Marrow,Matched,NA,NA,NA,NA,NA,AB,0.2,A
laml_tcga,TCGA-AB-2898,TCGA-AB-2898-03,40,69,NO,0,32,Leukemia,Acute Myeloid Leukemia,8,NA,NA,NA,NA,NOT HISPANIC OR LATINO,M1,12/14/10,0.0510,No,No,NA,NA,NA,YES,2009,NO,NA,NA,NA,NA,NO,12,NA,AML,12.91,0:LIVING,NA,a85837e6-f98d-4a80-b7c1-49b0a6313dd7,96d61459-b812-4bb9-8f6b-9fe09dc881cc,NA,NA,NA,NA,12,Peripheral Blood,NA,NA,WHITE,1,NA,Primary,3,Female,NA,Bone Marrow,Matched,NA,NA,NA,NA,NA,AB,0.4,A
laml_tcga,TCGA-AB-2899,TCGA-AB-2899-03,3,76,NO,0,0,Leukemia,Acute Myeloid Leukemia,Normal,NA,NA,NA,NA,NOT HISPANIC OR LATINO,M4,12/14/10,0.0457,No,No,NA,NA,NA,YES,2006,NO,NA,NA,NA,NA,NO,13,NA,AML,22.04,1:DECEASED,NA,64f0c38f-7f87-4c4b-9e37-66f32645dde4,8d098923-a238-4b05-82fa-031bcaac5a2e,NA,NA,NA,NA,166,Peripheral Blood,NA,NA,WHITE,1,NA,Primary,3,Female,NA,Bone Marrow,Matched,NA,NA,NA,NA,NA,AB,0.433333333333,A
laml_tcga,TCGA-AB-2900,TCGA-AB-2900-03,0,70,NO,8,49,Leukemia,Acute Myeloid Leukemia,Normal,NA,NA,NA,NA,NOT HISPANIC OR LATINO,M1,12/14/10,0.0001,Yes,No,NA,NA,NA,YES,2009,NO,NA,NA,NA,NA,NO,18,NA,AML,6.04,1:DECEASED,NA,9dbd2ef7-77da-42ef-90d2-8d30b4330f94,c9e69dcd-d517-412a-904d-287ea9075873,NA,NA,NA,NA,30,Peripheral Blood,NA,NA,BLACK OR AFRICAN AMERICAN,1,NA,Primary,3,Male,NA,Bone Marrow,Matched,NA,NA,NA,NA,NA,AB,0.6,A
laml_tcga,TCGA-AB-2901,TCGA-AB-2901-03,0,27,NO,0,88,Leukemia,Acute Myeloid Leukemia,Complex - >= 3 distinct abnormalities|+8,NA,NA,NA,NA,NOT HISPANIC OR LATINO,M2,12/14/10,0.1119,Yes,No,NA,NA,NA,YES,2009,NO,NA,NA,NA,NA,YES,6,NA,AML,1.94,0:LIVING,NA,008ddf20-f7fb-4673-b2ed-b5d5212fbf09,cf8c9b38-246d-46aa-b557-6c882e438161,NA,NA,NA,NA,87,Peripheral Blood,NA,NA,BLACK OR AFRICAN AMERICAN,1,NA,Primary,3,Male,NA,Bone Marrow,Matched,NA,NA,NA,NA,NA,AB,0.2,A
laml_tcga,TCGA-AB-2903,TCGA-AB-2903-03,0,76,NO,0,98,Leukemia,Acute Myeloid Leukemia,Normal,NA,NA,NA,NA,NOT HISPANIC OR LATINO,M1,12/14/10,0.0000,Yes,No,NA,NA,NA,YES,2006,NO,NA,NA,NA,NA,NO,2,NA,AML,0,1:DECEASED,NA,b55cf9ae-9e1a-4301-8f09-9acb7951ecd6,e1f5ccb3-b24d-4da5-8beb-2722faffbab1,NA,NA,NA,NA,40,Peripheral Blood,NA,NA,WHITE,1,NA,Primary,3,Female,NA,Bone Marrow,Matched,NA,NA,NA,NA,NA,AB,0.0666666666667,A
laml_tcga,TCGA-AB-2904,TCGA-AB-2904-03,3,65,NO,0,0,Leukemia,Acute Myeloid Leukemia,Complex - >= 3 distinct abnormalities|del(5q) / 5q-|+8,NA,NA,NA,NA,NOT HISPANIC OR LATINO,M0 Undifferentiated,12/14/10,0.1791,No,No,NA,NA,NA,YES,2008,NO,NA,NA,NA,NA,YES,17,NA,AML,16.98,1:DECEASED,NA,336a3daa-0d18-4b1d-a091-b96f864d022a,44992adb-cabf-4c2f-9f3b-45cf97531319,NA,NA,NA,NA,94,Peripheral Blood,NA,NA,WHITE,1,NA,Primary,3,Male,NA,Bone Marrow,Matched,NA,NA,NA,NA,NA,AB,0.566666666667,A
laml_tcga,TCGA-AB-2905,TCGA-AB-2905-03,8,48,NO,0,0,Leukemia,Acute Myeloid Leukemia,Normal|t(15;17) and variants,NA,NA,NA,NA,HISPANIC OR LATINO,M3,12/14/10,0.0001,No,No,NA,NA,NA,YES,2005,NO,NA,NA,NA,NA,YES,17,NA,AML,52.92,0:LIVING,NA,ae2392a3-b8c2-4ddb-8cec-a28cb3fcd80b,9d11ef97-cf7e-4258-8241-682cb0966680,NA,NA,NA,NA,52,Peripheral Blood,NA,NA,WHITE,1,NA,Primary,3,Male,NA,Bone Marrow,Matched,NA,NA,NA,NA,NA,AB,0.566666666667,A
laml_tcga,TCGA-AB-2906,TCGA-AB-2906-03,0,59,YES,0,15,Leukemia,Acute Myeloid Leukemia,t(15;17) and variants,NA,NA,NA,NA,NOT HISPANIC OR LATINO,M3,12/14/10,0.0000,No,No,NA,NA,NA,YES,2008,NO,NA,NA,NA,NA,YES,9,NA,AML,18.96,0:LIVING,NA,5b5d770e-db72-4ee8-a89a-db80fb31d3cd,4bf1e9fc-bacf-472a-b40f-aab6555862cc,NA,NA,NA,NA,23,Peripheral Blood,NA,NA,WHITE,1,NA,Primary,3,Male,NA,Bone Marrow,Matched,NA,NA,NA,NA,NA,AB,0.3,A
laml_tcga,TCGA-AB-2907,TCGA-AB-2907-03,0,69,NO,1,0,Leukemia,Acute Myeloid Leukemia,Normal,NA,NA,NA,NA,NOT HISPANIC OR LATINO,M0 Undifferentiated,12/14/10,0.0000,No,No,NA,NA,NA,YES,2008,NO,NA,NA,NA,NA,NO,14,NA,AML,NA,1:DECEASED,NA,e843a0ea-45a5-4c11-92a1-08ff12eb4531,41e0dac3-a015-4ab8-b10b-c7ea6c744bed,NA,NA,NA,NA,127,Peripheral Blood,NA,NA,WHITE,1,NA,Primary,3,Male,NA,Bone Marrow,Matched,NA,NA,NA,NA,NA,AB,0.466666666667,A
laml_tcga,TCGA-AB-2908,TCGA-AB-2908-03,5,81,NO,0,0,Leukemia,Acute Myeloid Leukemia,Complex - >= 3 distinct abnormalities|del(5q) / 5q-,NA,NA,NA,NA,NOT HISPANIC OR LATINO,M2,12/14/10,0.0933,No,Yes,NA,NA,NA,YES,2008,NO,NA,NA,NA,NA,YES,18,NA,AML,1.02,1:DECEASED,NA,712dbdd5-c4e2-4b3c-9976-8f50234441b1,28f770a2-5d22-4361-8614-926208c60afd,NA,NA,NA,NA,39,Peripheral Blood,NA,NA,WHITE,1,NA,Primary,3,Male,NA,Bone Marrow,Matched,NA,NA,NA,NA,NA,AB,0.6,A
laml_tcga,TCGA-AB-2909,TCGA-AB-2909-03,0,22,NO,0,94,Leukemia,Acute Myeloid Leukemia,Normal,NA,NA,NA,NA,NOT HISPANIC OR LATINO,Not Classified,12/14/10,0.0065,No,No,NA,NA,NA,YES,2009,NO,NA,NA,NA,NA,YES,1,NA,AML,0.99,0:LIVING,NA,ab60901b-d2ad-401a-9742-52df35ce1de0,40168b34-bbfe-4ee2-b7b5-2e33fbf64a18,NA,NA,NA,NA,57,Peripheral Blood,NA,NA,ASIAN,1,NA,Primary,3,Male,NA,Bone Marrow,Matched,NA,NA,NA,NA,NA,AB,0.0333333333333,A
laml_tcga,TCGA-AB-2910,TCGA-AB-2910-03,0,61,NO,0,55,Leukemia,Acute Myeloid Leukemia,Normal,NA,NA,NA,NA,NOT HISPANIC OR LATINO,M5,12/14/10,0.0482,Yes,No,NA,NA,NA,YES,2008,NO,NA,NA,NA,NA,NO,12,NA,AML,0,1:DECEASED,NA,48f730a5-26c3-4716-964e-36fa9af26966,2507305c-22a9-41f5-ae04-bd94591be3f2,NA,NA,NA,NA,35,Peripheral Blood,NA,NA,WHITE,1,NA,Primary,3,Female,NA,Bone Marrow,Matched,NA,NA,NA,NA,NA,AB,0.4,A
laml_tcga,TCGA-AB-2911,TCGA-AB-2911-03,0,51,NO,0,39,Leukemia,Acute Myeloid Leukemia,Normal|Complex - >= 3 distinct abnormalities,NA,NA,NA,NA,NOT HISPANIC OR LATINO,M4,12/14/10,0.0006,Yes,No,NA,NA,NA,YES,2006,NO,NA,NA,NA,NA,NO,3,NA,AML,38.96,0:LIVING,NA,036b18ea-3cf7-4f3e-a84c-c6aea5e4fcd7,11fa9446-9630-4981-8ff2-3fa4021001c4,NA,NA,NA,NA,21,Peripheral Blood,NA,NA,BLACK OR AFRICAN AMERICAN,1,NA,Primary,3,Female,NA,Bone Marrow,Matched,NA,NA,NA,NA,NA,AB,0.1,A
laml_tcga,TCGA-AB-2912,TCGA-AB-2912-03,1,63,NO,0,9,Leukemia,Acute Myeloid Leukemia,8,NA,NA,NA,NA,NOT HISPANIC OR LATINO,M4,12/14/10,0.0500,Yes,No,NA,NA,NA,YES,2007,NO,NA,NA,NA,NA,YES,19,NA,AML,9,1:DECEASED,NA,196d4b0c-a4ec-4915-b706-ada86ab483ae,be372a54-774b-41a1-9a54-b1f0d921b171,NA,NA,NA,NA,148,Peripheral Blood,NA,NA,WHITE,1,NA,Primary,3,Male,NA,Bone Marrow,Matched,NA,NA,NA,NA,NA,AB,0.633333333333,A
laml_tcga,TCGA-AB-2913,TCGA-AB-2913-03,2,61,NO,0,86,Leukemia,Acute Myeloid Leukemia,Normal|+8,NA,NA,NA,NA,NOT HISPANIC OR LATINO,M0 Undifferentiated,12/14/10,0.0500,No,No,NA,NA,NA,YES,2006,NO,NA,NA,NA,NA,NO,12,NA,AML,39.95,0:LIVING,NA,42e2ed30-e08b-4d24-9e83-d1c3ecbd0fb4,72e5d0ce-4c20-4c76-85d9-74c55217131c,NA,NA,NA,NA,25,Peripheral Blood,NA,NA,WHITE,1,NA,Primary,3,Male,NA,Bone Marrow,Matched,NA,NA,NA,NA,NA,AB,0.4,A
laml_tcga,TCGA-AB-2914,TCGA-AB-2914-03,0,22,NO,0,70,Leukemia,Acute Myeloid Leukemia,Normal|inv(16),NA,NA,NA,NA,NOT HISPANIC OR LATINO,M2,12/14/10,0.0003,No,No,NA,NA,NA,YES,2007,NO,NA,NA,NA,NA,YES,16,NA,AML,26.02,0:LIVING,NA,81769d23-74f4-4ca1-8fcf-3e03aa1bf3c9,022b530b-88f1-4b62-8e06-05220a8666aa,NA,NA,NA,NA,149,Peripheral Blood,NA,NA,WHITE,1,NA,Primary,3,Female,NA,Bone Marrow,Matched,NA,NA,NA,NA,NA,AB,0.533333333333,A
laml_tcga,TCGA-AB-2915,TCGA-AB-2915-03,0,73,NO,0,11,Leukemia,Acute Myeloid Leukemia,Complex - >= 3 distinct abnormalities,NA,NA,NA,NA,NOT HISPANIC OR LATINO,M2,12/14/10,0.0554,No,No,NA,NA,NA,YES,2009,NO,NA,NA,NA,NA,YES,14,NA,AML,0,1:DECEASED,NA,1a93dd15-f404-484c-b67c-98169d5522c7,c2628244-7f44-4ebf-b4c9-1579370e8f0d,NA,NA,NA,NA,64,Peripheral Blood,NA,NA,WHITE,1,NA,Primary,3,Female,NA,Bone Marrow,Matched,NA,NA,NA,NA,NA,AB,0.466666666667,A
laml_tcga,TCGA-AB-2916,TCGA-AB-2916-03,0,48,NO,0,5,Leukemia,Acute Myeloid Leukemia,NA,NA,NA,NA,NA,HISPANIC OR LATINO,M4,12/14/10,0.0461,No,No,NA,NA,NA,YES,2007,NO,NA,NA,NA,NA,YES,9,NA,AML,28.98,0:LIVING,NA,d1848a5f-053a-4db4-ab4e-c5eb311bc3a0,be7662bd-f603-4538-a787-c7e98385289a,NA,NA,NA,NA,351,Peripheral Blood,NA,NA,WHITE,1,NA,Primary,3,Female,NA,Bone Marrow,Matched,NA,NA,NA,NA,NA,AB,0.3,A
laml_tcga,TCGA-AB-2917,TCGA-AB-2917-03,0,41,NO,0,74,Leukemia,Acute Myeloid Leukemia,Normal|Complex - >= 3 distinct abnormalities|del(7q) / 7q-,NA,NA,NA,NA,NOT HISPANIC OR LATINO,M0 Undifferentiated,12/14/10,0.1126,No,No,NA,NA,NA,YES,2006,NO,NA,NA,NA,NA,NO,15,NA,AML,39.95,0:LIVING,NA,f6810357-a598-4a39-8cbd-067795b8d860,209c4a86-09ce-41ec-bfa0-fa66c201aafd,NA,NA,NA,NA,71,Peripheral Blood,NA,NA,WHITE,1,NA,Primary,3,Female,NA,Bone Marrow,Matched,NA,NA,NA,NA,NA,AB,0.5,A
laml_tcga,TCGA-AB-2918,TCGA-AB-2918-03,0,47,NO,1,79,Leukemia,Acute Myeloid Leukemia,8,NA,NA,NA,NA,NOT HISPANIC OR LATINO,M1,12/14/10,NA,Yes,No,NA,NA,NA,YES,2009,NO,NA,NA,NA,NA,YES,1,NA,AML,NA,1:DECEASED,NA,cf2e5c6a-a7d8-428f-800a-fb94dcfc5fe4,cbecb02f-9173-4a2c-a415-6b471a208264,NA,NA,NA,NA,53,Peripheral Blood,NA,NA,WHITE,1,NA,Primary,3,Female,NA,Bone Marrow,Matched,NA,NA,NA,NA,NA,AB,0.0333333333333,A
laml_tcga,TCGA-AB-2919,TCGA-AB-2919-03,0,54,NO,0,90,Leukemia,Acute Myeloid Leukemia,Normal,NA,NA,NA,NA,NOT HISPANIC OR LATINO,M1,12/14/10,0.0001,Yes,No,NA,NA,NA,YES,2009,NO,NA,NA,NA,NA,YES,10,NA,AML,2,0:LIVING,NA,a42bc793-f21d-45d1-9ab3-bfa9de25612e,9038ce9f-3305-40da-b3ae-4324f0e88c41,NA,NA,NA,NA,22,Peripheral Blood,NA,NA,WHITE,1,NA,Primary,3,Female,NA,Bone Marrow,Matched,NA,NA,NA,NA,NA,AB,0.333333333333,A
laml_tcga,TCGA-AB-2920,TCGA-AB-2920-03,0,44,NO,0,83,Leukemia,Acute Myeloid Leukemia,Normal|Complex - >= 3 distinct abnormalities|del(7q) / 7q-|+8,NA,NA,NA,NA,NOT HISPANIC OR LATINO,M2,12/14/10,0.1582,No,No,NA,NA,NA,YES,2007,NO,NA,NA,NA,NA,YES,10,NA,AML,12.02,1:DECEASED,NA,153bc9ff-39c9-4890-a085-a46c530a7e97,6bc8b49b-218c-4e1c-a77d-3780649117ab,NA,NA,NA,NA,35,Peripheral Blood,NA,NA,WHITE,1,NA,Primary,3,Male,NA,Bone Marrow,Matched,NA,NA,NA,NA,NA,AB,0.333333333333,A
laml_tcga,TCGA-AB-2921,TCGA-AB-2921-03,0,56,NO,0,57,Leukemia,Acute Myeloid Leukemia,Normal,NA,NA,NA,NA,NOT HISPANIC OR LATINO,M4,12/14/10,0.0014,No,No,NA,NA,NA,YES,2009,NO,NA,NA,NA,NA,YES,8,NA,AML,NA,1:DECEASED,NA,cb97312b-0bd2-4fbd-b3a6-05c5a17a0a34,fc9f2e78-72fd-4ff8-a818-08edc0a64f87,NA,NA,NA,NA,31,Peripheral Blood,NA,NA,WHITE,1,NA,Primary,3,Female,NA,Bone Marrow,Matched,NA,NA,NA,NA,NA,AB,0.266666666667,A
laml_tcga,TCGA-AB-2922,TCGA-AB-2922-03,1,83,NO,0,74,Leukemia,Acute Myeloid Leukemia,Normal,NA,NA,NA,NA,NOT HISPANIC OR LATINO,M0 Undifferentiated,12/14/10,0.0001,Yes,No,NA,NA,NA,YES,2008,NO,NA,NA,NA,NA,YES,11,NA,AML,0,1:DECEASED,NA,0622830d-cf64-4e62-9c7d-9919088d13c4,c57ce081-c167-4afa-a3ca-e3135fdba524,NA,NA,NA,NA,46,Peripheral Blood,NA,NA,WHITE,1,NA,Primary,3,Male,NA,Bone Marrow,Matched,NA,NA,NA,NA,NA,AB,0.366666666667,A
laml_tcga,TCGA-AB-2923,TCGA-AB-2923-03,7,78,NO,0,28,Leukemia,Acute Myeloid Leukemia,Normal,NA,NA,NA,NA,NOT HISPANIC OR LATINO,M4,12/14/10,0.0300,No,No,NA,NA,NA,YES,2008,NO,NA,NA,NA,NA,YES,20,NA,AML,1.02,1:DECEASED,NA,b22398fb-1374-41d8-8029-8b7d56466a59,fc3d2701-95c1-4c8d-b79a-cd03aaac88bf,NA,NA,NA,NA,85,Peripheral Blood,NA,NA,WHITE,1,NA,Primary,3,Male,NA,Bone Marrow,Matched,NA,NA,NA,NA,NA,AB,0.666666666667,A
laml_tcga,TCGA-AB-2924,TCGA-AB-2924-03,0,59,NO,0,17,Leukemia,Acute Myeloid Leukemia,Normal,NA,NA,NA,NA,NOT HISPANIC OR LATINO,M4,12/14/10,0.0000,No,No,NA,NA,NA,YES,2009,NO,NA,NA,NA,NA,YES,10,NA,AML,2.96,0:LIVING,NA,27bb612c-a74a-4088-b0ea-1dbe28e7a725,a14e4ca5-5d63-487e-9010-d2c838fb9e74,NA,NA,NA,NA,18,Peripheral Blood,NA,NA,WHITE,1,NA,Primary,3,Male,NA,Bone Marrow,Matched,NA,NA,NA,NA,NA,AB,0.333333333333,A
laml_tcga,TCGA-AB-2925,TCGA-AB-2925-03,0,57,NO,1,4,Leukemia,Acute Myeloid Leukemia,Normal,NA,NA,NA,NA,NOT HISPANIC OR LATINO,M5,12/14/10,0.0001,No,No,NA,NA,NA,YES,2007,NO,NA,NA,NA,NA,YES,16,NA,AML,7.98,1:DECEASED,NA,34631deb-9ed3-49fa-afab-baa0570237cd,9f755f31-7614-4268-96a8-64ea71f088ba,NA,NA,NA,NA,80,Peripheral Blood,NA,NA,WHITE,1,NA,Primary,3,Male,NA,Bone Marrow,Matched,NA,NA,NA,NA,NA,AB,0.533333333333,A
laml_tcga,TCGA-AB-2926,TCGA-AB-2926-03,0,57,NO,0,91,Leukemia,Acute Myeloid Leukemia,8,NA,NA,NA,NA,NOT HISPANIC OR LATINO,M1,12/14/10,0.0500,No,No,NA,NA,NA,YES,2008,NO,NA,NA,NA,NA,YES,14,NA,AML,15.01,1:DECEASED,NA,2df3d38b-5393-41e1-bd15-8dd372c111c0,b2599b2c-8ff1-44a6-907f-a2907ac5857c,NA,NA,NA,NA,62,Peripheral Blood,NA,NA,WHITE,1,NA,Primary,3,Female,NA,Bone Marrow,Matched,NA,NA,NA,NA,NA,AB,0.466666666667,A
laml_tcga,TCGA-AB-2927,TCGA-AB-2927-03,0,88,NO,2,0,Leukemia,Acute Myeloid Leukemia,Normal,NA,NA,NA,NA,NOT HISPANIC OR LATINO,M1,12/14/10,0.0001,No,No,NA,NA,NA,YES,2009,NO,NA,NA,NA,NA,NO,21,NA,AML,2.96,1:DECEASED,NA,f3a80377-1d76-4754-8018-45cf49937cb8,bc95c4bd-31b4-496a-982b-00f5e78dc07a,NA,NA,NA,NA,156,Peripheral Blood,NA,NA,WHITE,1,NA,Primary,3,Female,NA,Bone Marrow,Matched,NA,NA,NA,NA,NA,AB,0.7,A
laml_tcga,TCGA-AB-2928,TCGA-AB-2928-03,NA,43,NO,0,91,Leukemia,Acute Myeloid Leukemia,del(7q) / 7q-,NA,NA,NA,NA,NOT HISPANIC OR LATINO,M1,12/14/10,0.0544,Yes,No,NA,NA,NA,YES,2010,NO,NA,NA,NA,NA,YES,10,NA,AML,1.72,1:DECEASED,NA,96b43e99-d81e-44d2-aac5-a6eb92727368,3e9b036f-db7a-4d53-b066-e5643e4561bf,NA,NA,NA,NA,32,Peripheral Blood,NA,NA,BLACK OR AFRICAN AMERICAN,1,NA,Primary,3,Female,NA,Bone Marrow,Matched,NA,NA,NA,NA,NA,AB,0.333333333333,A
laml_tcga,TCGA-AB-2929,TCGA-AB-2929-03,0,71,NO,1,50,Leukemia,Acute Myeloid Leukemia,Normal|Complex - >= 3 distinct abnormalities|del(7q) / 7q-,NA,NA,NA,NA,NOT HISPANIC OR LATINO,M0 Undifferentiated,12/14/10,0.1298,No,Yes,NA,NA,NA,YES,2007,NO,NA,NA,NA,NA,YES,12,NA,AML,4.04,1:DECEASED,NA,f81ce06d-8ace-4f19-aaf8-75a4219a5a60,766a4faa-1de8-4cea-b90b-e5040cbf624b,NA,NA,NA,NA,50,Peripheral Blood,NA,NA,WHITE,1,NA,Primary,3,Female,NA,Bone Marrow,Matched,NA,NA,NA,NA,NA,AB,0.4,A
laml_tcga,TCGA-AB-2930,TCGA-AB-2930-03,0,63,NO,2,49,Leukemia,Acute Myeloid Leukemia,Normal,NA,NA,NA,NA,NOT HISPANIC OR LATINO,M2,12/14/10,0.0001,No,No,NA,NA,NA,YES,2009,NO,NA,NA,NA,NA,YES,8,NA,AML,NA,1:DECEASED,NA,75343469-9740-4b3f-83f9-82507f697fd9,3a017314-b548-4d5d-b8a6-5e98c51af8d5,NA,NA,NA,NA,69,Peripheral Blood,NA,NA,WHITE,1,NA,Primary,3,Female,NA,Bone Marrow,Matched,NA,NA,NA,NA,NA,AB,0.266666666667,A
laml_tcga,TCGA-AB-2931,TCGA-AB-2931-03,3,75,NO,0,80,Leukemia,Acute Myeloid Leukemia,NA,NA,NA,NA,NA,NOT HISPANIC OR LATINO,M2,12/14/10,0.0000,No,Yes,NA,NA,NA,YES,2007,NO,NA,NA,NA,NA,YES,11,NA,AML,0,1:DECEASED,NA,cfb6e5b0-34ed-4f8a-9057-c48de5e28645,83051b5d-d4ae-470b-971e-67578f784638,NA,NA,NA,NA,31,Peripheral Blood,NA,NA,WHITE,1,NA,Primary,3,Male,NA,Bone Marrow,Matched,NA,NA,NA,NA,NA,AB,0.366666666667,A
laml_tcga,TCGA-AB-2932,TCGA-AB-2932-03,0,62,NO,0,22,Leukemia,Acute Myeloid Leukemia,Normal,NA,NA,NA,NA,NOT HISPANIC OR LATINO,M5,12/14/10,0.0004,Yes,Yes,NA,NA,NA,YES,2008,NO,NA,NA,NA,NA,YES,6,NA,AML,0,0:LIVING,NA,96607b17-2894-4153-adde-3d970f47fe50,844cc61c-add9-4d64-83a3-6953adb1b57c,NA,NA,NA,NA,20,Peripheral Blood,NA,NA,WHITE,1,NA,Primary,3,Male,NA,Bone Marrow,Matched,NA,NA,NA,NA,NA,AB,0.2,A
laml_tcga,TCGA-AB-2933,TCGA-AB-2933-03,0,58,NO,1,64,Leukemia,Acute Myeloid Leukemia,Normal,NA,NA,NA,NA,NOT HISPANIC OR LATINO,M4,12/14/10,0.0274,No,No,NA,NA,NA,YES,2007,NO,NA,NA,NA,NA,YES,1,NA,AML,4.01,1:DECEASED,NA,21bd7197-2504-4710-8c13-a9da9f71b0d5,b62429c3-0fd0-459f-a6d9-396825c1d36f,NA,NA,NA,NA,57,Peripheral Blood,NA,NA,WHITE,1,NA,Primary,3,Male,NA,Bone Marrow,Matched,NA,NA,NA,NA,NA,AB,0.0333333333333,A
laml_tcga,TCGA-AB-2934,TCGA-AB-2934-03,0,65,NO,0,84,Leukemia,Acute Myeloid Leukemia,Normal,NA,NA,NA,NA,NOT HISPANIC OR LATINO,M1,12/14/10,0.0000,Yes,No,NA,NA,NA,YES,2010,NO,NA,NA,NA,NA,YES,9,NA,AML,0.92,0:LIVING,NA,c00bdbdc-a65d-494d-a9d7-4309c28277ca,eb6264dc-bdca-4b78-80ea-4d7a4a74fdf7,NA,NA,NA,NA,142,Peripheral Blood,NA,NA,WHITE,1,NA,Primary,3,Male,NA,Bone Marrow,Matched,NA,NA,NA,NA,NA,AB,0.3,A
laml_tcga,TCGA-AB-2935,TCGA-AB-2935-03,1,66,NO,0,12,Leukemia,Acute Myeloid Leukemia,del(5q) / 5q-|del(7q) / 7q-,NA,NA,NA,NA,NOT HISPANIC OR LATINO,M4,12/14/10,0.2002,No,Yes,NA,NA,NA,YES,2007,NO,NA,NA,NA,NA,YES,9,NA,AML,2,1:DECEASED,NA,dd37ccd0-31d9-4605-8b8e-618bedc80c38,f7aa550b-8dc9-42af-b22b-5db992ddd56e,NA,NA,NA,NA,37,Peripheral Blood,NA,NA,WHITE,1,NA,Primary,3,Male,NA,Bone Marrow,Matched,NA,NA,NA,NA,NA,AB,0.3,A
laml_tcga,TCGA-AB-2936,TCGA-AB-2936-03,0,61,NO,1,14,Leukemia,Acute Myeloid Leukemia,Normal,NA,NA,NA,NA,NOT HISPANIC OR LATINO,M0 Undifferentiated,12/14/10,0.0000,No,No,NA,NA,NA,YES,2010,NO,NA,NA,NA,NA,YES,5,NA,AML,1.94,0:LIVING,NA,b8492e1a-aa02-4585-a5be-75f9833c8c3f,b89de3cc-6c93-4612-addb-e9ff18b1b30d,NA,NA,NA,NA,79,Peripheral Blood,NA,NA,WHITE,1,NA,Primary,3,Female,NA,Bone Marrow,Matched,NA,NA,NA,NA,NA,AB,0.166666666667,A
laml_tcga,TCGA-AB-2937,TCGA-AB-2937-03,0,36,NO,0,86,Leukemia,Acute Myeloid Leukemia,t(8;21),NA,NA,NA,NA,NOT HISPANIC OR LATINO,M1,12/14/10,0.0005,Yes,No,NA,NA,NA,YES,2007,NO,NA,NA,NA,NA,YES,12,NA,AML,7.06,1:DECEASED,NA,4cf1e489-dd24-4227-b306-4bc5266a224c,800a427d-b5ed-4ce4-805b-c049b174e4e1,NA,NA,NA,NA,66,Peripheral Blood,NA,NA,WHITE,1,NA,Primary,3,Female,NA,Bone Marrow,Matched,NA,NA,NA,NA,NA,AB,0.4,A
laml_tcga,TCGA-AB-2938,TCGA-AB-2938-03,0,76,NO,1,6,Leukemia,Acute Myeloid Leukemia,Normal,NA,NA,NA,NA,NOT HISPANIC OR LATINO,M7,12/14/10,0.0687,No,No,NA,NA,NA,YES,2005,NO,NA,NA,NA,NA,NO,17,NA,AML,9.99,1:DECEASED,NA,fcc2192a-1f54-49c5-b3e6-e9bd8025df67,1e8f9399-67c4-4990-8c08-1eb6f43cab50,NA,NA,NA,NA,21,Peripheral Blood,NA,NA,WHITE,1,NA,Primary,3,Male,NA,Bone Marrow,Matched,NA,NA,NA,NA,NA,AB,0.566666666667,A
laml_tcga,TCGA-AB-2939,TCGA-AB-2939-03,48,72,NO,3,18,Leukemia,Acute Myeloid Leukemia,Complex - >= 3 distinct abnormalities|del(5q) / 5q-,NA,NA,NA,NA,NOT HISPANIC OR LATINO,M1,12/14/10,0.0950,No,Yes,NA,NA,NA,YES,2008,NO,NA,NA,NA,NA,NO,13,NA,AML,14.95,0:LIVING,NA,c7afc0d0-ca32-4be1-9477-ad106290c460,8bfe0a0f-e337-4b9a-b4e5-5efe9cb3e32d,NA,NA,NA,NA,31,Peripheral Blood,NA,NA,WHITE,1,NA,Primary,3,Male,NA,Bone Marrow,Matched,NA,NA,NA,NA,NA,AB,0.433333333333,A
laml_tcga,TCGA-AB-2940,TCGA-AB-2940-03,5,35,NO,9,40,Leukemia,Acute Myeloid Leukemia,Normal,NA,NA,NA,NA,NOT HISPANIC OR LATINO,M2,12/14/10,0.0113,Yes,No,NA,NA,NA,YES,2006,NO,NA,NA,NA,NA,NO,3,NA,AML,NA,1:DECEASED,NA,95a4f9f6-d6c7-4d9d-ae34-e4a91d8927e9,9b99a512-ce02-4b2e-bb87-cf74e096ef48,NA,NA,NA,NA,88,Peripheral Blood,NA,NA,WHITE,1,NA,Primary,3,Male,NA,Bone Marrow,Matched,NA,NA,NA,NA,NA,AB,0.1,A
laml_tcga,TCGA-AB-2941,TCGA-AB-2941-03,0,73,NO,0,0,Leukemia,Acute Myeloid Leukemia,Normal|del(5q) / 5q-|del(7q) / 7q-,NA,NA,NA,NA,NOT HISPANIC OR LATINO,Not Classified,12/14/10,0.0008,No,Yes,NA,NA,NA,YES,2006,NO,NA,NA,NA,NA,NO,4,NA,AML,0,1:DECEASED,NA,404dafe8-369c-4659-a088-c85dccb7ad3b,c176c9e7-0ef6-477e-b541-71947b72ce46,NA,NA,NA,NA,11,Peripheral Blood,NA,NA,WHITE,1,NA,Primary,3,Male,NA,Bone Marrow,Matched,NA,NA,NA,NA,NA,AB,0.133333333333,A
laml_tcga,TCGA-AB-2942,TCGA-AB-2942-03,1,67,NO,1,61,Leukemia,Acute Myeloid Leukemia,Normal|inv(16),NA,NA,NA,NA,NOT HISPANIC OR LATINO,M4,12/14/10,0.0001,No,No,NA,NA,NA,YES,2008,NO,NA,NA,NA,NA,YES,2,NA,AML,21.06,0:LIVING,NA,6d271451-affa-4c76-bce5-6bf8622d83a9,bd53c653-834c-42a2-b333-1bb64db23bce,NA,NA,NA,NA,15,Peripheral Blood,NA,NA,WHITE,1,NA,Primary,3,Female,NA,Bone Marrow,Matched,NA,NA,NA,NA,NA,AB,0.0666666666667,A
laml_tcga,TCGA-AB-2943,TCGA-AB-2943-03,0,70,NO,2,6,Leukemia,Acute Myeloid Leukemia,Complex - >= 3 distinct abnormalities|del(5q) / 5q-,NA,NA,NA,NA,NOT HISPANIC OR LATINO,M1,12/14/10,0.1800,No,No,NA,NA,NA,YES,2010,NO,NA,NA,NA,NA,YES,11,NA,AML,NA,1:DECEASED,NA,638b78d6-4523-4dd3-8d8a-8c46682f3fd1,18034fb6-78d9-4a37-a4d3-e9ec0d39285e,NA,NA,NA,NA,82,Peripheral Blood,NA,NA,WHITE,1,NA,Primary,3,Female,NA,Bone Marrow,Matched,NA,NA,NA,NA,NA,AB,0.366666666667,A
laml_tcga,TCGA-AB-2944,TCGA-AB-2944-03,0,48,NO,2,87,Leukemia,Acute Myeloid Leukemia,NA,NA,NA,NA,NA,NOT HISPANIC OR LATINO,M0 Undifferentiated,12/14/10,0.0546,Yes,No,NA,NA,NA,YES,2010,NO,NA,NA,NA,NA,YES,NA,NA,AML,NA,1:DECEASED,NA,0fc33d1f-3cee-4481-b7a2-15b53ff85083,096df02d-2705-4f5d-b98c-734b4c5b1872,NA,NA,NA,NA,53,Peripheral Blood,NA,NA,WHITE,1,NA,Primary,3,Male,NA,Bone Marrow,Matched,NA,NA,NA,NA,NA,AB,NA,A
laml_tcga,TCGA-AB-2945,TCGA-AB-2945-03,0,65,NO,0,0,Leukemia,Acute Myeloid Leukemia,Complex - >= 3 distinct abnormalities,NA,NA,NA,NA,NOT HISPANIC OR LATINO,M4,12/14/10,0.0470,No,No,NA,NA,NA,YES,2006,NO,NA,NA,NA,NA,NO,12,NA,AML,7.98,1:DECEASED,NA,99703a58-0a57-4889-88d2-13e59f84debe,fe6cbe01-b181-4248-8356-27d1eeea8578,NA,NA,NA,NA,76,Peripheral Blood,NA,NA,WHITE,1,NA,Primary,3,Female,NA,Bone Marrow,Matched,NA,NA,NA,NA,NA,AB,0.4,A
laml_tcga,TCGA-AB-2946,TCGA-AB-2946-03,2,41,NO,3,62,Leukemia,Acute Myeloid Leukemia,NA,NA,NA,NA,NA,NOT HISPANIC OR LATINO,M2,12/14/10,0.0080,Yes,No,NA,NA,NA,YES,2010,NO,NA,NA,NA,NA,NA,1,NA,AML,NA,0:LIVING,NA,06d713a5-61fe-450b-bb81-721ab8aa0013,d511f763-c760-40bb-a140-91d33919e10a,NA,NA,NA,NA,51,Peripheral Blood,NA,NA,WHITE,1,NA,Primary,3,Male,NA,Bone Marrow,Matched,NA,NA,NA,NA,NA,AB,0.0333333333333,A
laml_tcga,TCGA-AB-2947,TCGA-AB-2947-03,0,52,NO,1,51,Leukemia,Acute Myeloid Leukemia,Normal,NA,NA,NA,NA,NOT HISPANIC OR LATINO,M4,12/14/10,0.0000,Yes,No,NA,NA,NA,YES,2009,NO,NA,NA,NA,NA,YES,3,NA,AML,1.02,0:LIVING,NA,fef46ade-e2a8-430e-9e6b-65da64baf266,bfac1e1a-1e1f-4b06-9f46-09d245bf524e,NA,NA,NA,NA,68,Peripheral Blood,NA,NA,WHITE,1,NA,Primary,3,Male,NA,Bone Marrow,Matched,NA,NA,NA,NA,NA,AB,0.1,A
laml_tcga,TCGA-AB-2948,TCGA-AB-2948-03,1,67,NO,0,6,Leukemia,Acute Myeloid Leukemia,Normal,NA,NA,NA,NA,NOT HISPANIC OR LATINO,M4,12/14/10,0.0000,Yes,No,NA,NA,NA,YES,2007,NO,NA,NA,NA,NA,YES,3,NA,AML,19.05,1:DECEASED,NA,ebf4703c-7517-492f-8ea3-134e798ac820,0fd465e9-8533-4b9e-9ad1-6bd653db4ebb,NA,NA,NA,NA,64,Peripheral Blood,NA,NA,WHITE,1,NA,Primary,3,Male,NA,Bone Marrow,Matched,NA,NA,NA,NA,NA,AB,0.1,A
laml_tcga,TCGA-AB-2949,TCGA-AB-2949-03,0,58,NO,0,72,Leukemia,Acute Myeloid Leukemia,Complex - >= 3 distinct abnormalities|del(7q) / 7q-|+8,NA,NA,NA,NA,NOT HISPANIC OR LATINO,M0 Undifferentiated,12/14/10,0.0115,Yes,No,NA,NA,NA,YES,2008,NO,NA,NA,NA,NA,YES,16,NA,AML,22.96,0:LIVING,NA,b351345a-18c2-42ed-8911-c37267c9cb58,ebaa5c6c-a879-416a-a8ed-7ef826deea44,NA,NA,NA,NA,55,Peripheral Blood,NA,NA,WHITE,1,NA,Primary,3,Male,NA,Bone Marrow,Matched,NA,NA,NA,NA,NA,AB,0.533333333333,A
laml_tcga,TCGA-AB-2950,TCGA-AB-2950-03,2,34,NO,0,59,Leukemia,Acute Myeloid Leukemia,t(8;21),NA,NA,NA,NA,NOT HISPANIC OR LATINO,M2,12/14/10,0.0002,No,No,NA,NA,NA,YES,2008,NO,NA,NA,NA,NA,YES,9,NA,AML,10.05,0:LIVING,NA,83ae044d-2975-478c-902c-776858c2ba3a,c684c1c7-d550-45cc-9c5a-ca08654e4c17,NA,NA,NA,NA,40,Peripheral Blood,NA,NA,WHITE,1,NA,Primary,3,Female,NA,Bone Marrow,Matched,NA,NA,NA,NA,NA,AB,0.3,A
laml_tcga,TCGA-AB-2952,TCGA-AB-2952-03,0,60,NO,1,29,Leukemia,Acute Myeloid Leukemia,Complex - >= 3 distinct abnormalities|del(5q) / 5q-|del(7q) / 7q-|+8,NA,NA,NA,NA,NOT HISPANIC OR LATINO,M1,12/14/10,0.2071,No,No,NA,NA,NA,YES,2007,NO,NA,NA,NA,NA,YES,14,NA,AML,1.02,1:DECEASED,NA,300fa3a7-3c42-4edc-8992-400188e762b4,fdc2ed03-4ca8-432e-9b26-6b92049fa8c8,NA,NA,NA,NA,90,Peripheral Blood,NA,NA,WHITE,1,NA,Primary,3,Female,NA,Bone Marrow,Matched,NA,NA,NA,NA,NA,AB,0.466666666667,A
laml_tcga,TCGA-AB-2954,TCGA-AB-2954-03,0,55,NO,1,24,Leukemia,Acute Myeloid Leukemia,Normal,NA,NA,NA,NA,NOT HISPANIC OR LATINO,M4,12/14/10,0.0153,No,No,NA,NA,NA,YES,2006,NO,NA,NA,NA,NA,NO,1,NA,AML,49.01,0:LIVING,NA,0957ffd1-d7d2-465d-8ba1-37ae0ce15734,60013f80-ce3f-43c3-8319-95639580fb2a,NA,NA,NA,NA,37,Peripheral Blood,NA,NA,WHITE,1,NA,Primary,3,Female,NA,Bone Marrow,Matched,NA,NA,NA,NA,NA,AB,0.0333333333333,A
laml_tcga,TCGA-AB-2955,TCGA-AB-2955-03,0,56,NO,0,96,Leukemia,Acute Myeloid Leukemia,Normal,NA,NA,NA,NA,NOT HISPANIC OR LATINO,M2,12/14/10,0.0004,No,No,NA,NA,NA,YES,2007,NO,NA,NA,NA,NA,NO,13,NA,AML,16.06,1:DECEASED,NA,c532cfda-a8fa-4a8a-92ba-33ad8b47404d,c2530af5-56fb-4225-8640-bb5f5f2af77f,NA,NA,NA,NA,45,Peripheral Blood,NA,NA,WHITE,1,NA,Primary,3,Female,NA,Bone Marrow,Matched,NA,NA,NA,NA,NA,AB,0.433333333333,A
laml_tcga,TCGA-AB-2956,TCGA-AB-2956-03,0,61,NO,0,0,Leukemia,Acute Myeloid Leukemia,Normal|t(9;11),NA,NA,NA,NA,NOT HISPANIC OR LATINO,M5,12/14/10,0.0202,Yes,No,NA,NA,NA,YES,2007,NO,NA,NA,NA,NA,YES,3,NA,AML,6.01,1:DECEASED,NA,c1f908ce-f6d5-4557-a4bf-956b71b8bf61,238a99f7-9a32-49e1-b8f9-a52435a56be9,NA,NA,NA,NA,36,Peripheral Blood,NA,NA,WHITE,1,NA,Primary,3,Male,NA,Bone Marrow,Matched,NA,NA,NA,NA,NA,AB,0.1,A
laml_tcga,TCGA-AB-2957,TCGA-AB-2957-03,0,31,NO,0,53,Leukemia,Acute Myeloid Leukemia,inv(16),NA,NA,NA,NA,NOT HISPANIC OR LATINO,M4,12/14/10,0.0003,Yes,No,NA,NA,NA,YES,2007,NO,NA,NA,NA,NA,YES,2,NA,AML,20.01,0:LIVING,NA,c887d68c-da8e-4f15-a524-3b6674b145ed,72d5355a-d280-444f-a301-f16863f12d1f,NA,NA,NA,NA,52,Peripheral Blood,NA,NA,WHITE,1,NA,Primary,3,Male,NA,Bone Marrow,Matched,NA,NA,NA,NA,NA,AB,0.0666666666667,A
laml_tcga,TCGA-AB-2959,TCGA-AB-2959-03,1,71,NO,1,13,Leukemia,Acute Myeloid Leukemia,Normal,NA,NA,NA,NA,NOT HISPANIC OR LATINO,M0 Undifferentiated,12/14/10,0.0000,No,No,NA,NA,NA,YES,2007,NO,NA,NA,NA,NA,YES,23,NA,AML,16.06,1:DECEASED,NA,31ac4afd-8195-479a-97da-92edaa89a85e,bce3e59e-fd6e-4bb1-a73a-7aa30d4c39e4,NA,NA,NA,NA,86,Peripheral Blood,NA,NA,WHITE,1,NA,Primary,3,Male,NA,Bone Marrow,Matched,NA,NA,NA,NA,NA,AB,0.766666666667,A
laml_tcga,TCGA-AB-2963,TCGA-AB-2963-03,6,56,NO,0,45,Leukemia,Acute Myeloid Leukemia,Normal,NA,NA,NA,NA,NOT HISPANIC OR LATINO,M1,12/14/10,0.0000,No,No,NA,NA,NA,YES,2002,NO,NA,NA,NA,NA,NO,15,NA,AML,53.94,1:DECEASED,NA,dc7c0a9b-ef72-4188-a711-69dbf70c744c,fa7146a0-d6a0-4465-a9e3-662b177eb02c,NA,NA,NA,NA,88,Peripheral Blood,NA,NA,WHITE,1,NA,Primary,3,Male,NA,Bone Marrow,Matched,NA,NA,NA,NA,NA,AB,0.5,A
laml_tcga,TCGA-AB-2964,TCGA-AB-2964-03,0,58,NO,0,61,Leukemia,Acute Myeloid Leukemia,Normal,NA,NA,NA,NA,NOT HISPANIC OR LATINO,M1,12/14/10,0.0000,No,No,NA,NA,NA,YES,2006,NO,NA,NA,NA,NA,NO,14,NA,AML,41.95,0:LIVING,NA,1c9b389c-4740-449c-a10e-a840e8531e7b,e4f9f17f-ac3f-4f2f-b05e-60c3e64d7d3d,NA,NA,NA,NA,35,Peripheral Blood,NA,NA,WHITE,1,NA,Primary,3,Female,NA,Bone Marrow,Matched,NA,NA,NA,NA,NA,AB,0.466666666667,A
laml_tcga,TCGA-AB-2965,TCGA-AB-2965-03,0,60,NO,0,56,Leukemia,Acute Myeloid Leukemia,Normal,NA,NA,NA,NA,NOT HISPANIC OR LATINO,M4,12/14/10,0.0000,Yes,No,NA,NA,NA,YES,2006,NO,NA,NA,NA,NA,NO,10,NA,AML,11.01,1:DECEASED,NA,05924106-07f6-44ca-ba15-7452b8a657e4,d42a66cd-bc74-477f-a924-1b3a303bfa16,NA,NA,NA,NA,174,Peripheral Blood,NA,NA,WHITE,1,NA,Primary,3,Male,NA,Bone Marrow,Matched,NA,NA,NA,NA,NA,AB,0.333333333333,A
laml_tcga,TCGA-AB-2966,TCGA-AB-2966-03,1,57,NO,0,35,Leukemia,Acute Myeloid Leukemia,Normal,NA,NA,NA,NA,NOT HISPANIC OR LATINO,M2,12/14/10,0.0006,Yes,No,NA,NA,NA,YES,2007,NO,NA,NA,NA,NA,YES,11,NA,AML,28.06,1:DECEASED,NA,b1c32911-5ca8-4b77-8063-a97c30a3a348,dcc4f5cd-032e-4129-92a9-d0a47efd12d5,NA,NA,NA,NA,28,Peripheral Blood,NA,NA,WHITE,1,NA,Primary,3,Female,NA,Bone Marrow,Matched,NA,NA,NA,NA,NA,AB,0.4,A
laml_tcga,TCGA-AB-2967,TCGA-AB-2967-03,0,58,NO,1,10,Leukemia,Acute Myeloid Leukemia,Normal,NA,NA,NA,NA,NOT HISPANIC OR LATINO,M4,12/14/10,0.0009,No,No,NA,NA,NA,YES,2007,NO,NA,NA,NA,NA,NO,10,NA,AML,34,0:LIVING,NA,9c022254-f9f7-4c61-be48-48c60a92448e,ccb851a6-72cc-4f0a-9759-7f493cbf488c,NA,NA,NA,NA,121,Peripheral Blood,NA,NA,WHITE,1,NA,Primary,3,Male,NA,Bone Marrow,Matched,NA,NA,NA,NA,NA,AB,0.333333333333,A
laml_tcga,TCGA-AB-2968,TCGA-AB-2968-03,0,79,NO,0,0,Leukemia,Acute Myeloid Leukemia,Normal,NA,NA,NA,NA,NOT HISPANIC OR LATINO,M4,12/14/10,0.0004,No,No,NA,NA,NA,YES,2007,NO,NA,NA,NA,NA,NO,12,NA,AML,15.05,1:DECEASED,NA,bc93cff5-a2c9-4fc5-8965-5570574ac1a2,258135e2-f09f-4d8a-aed1-2f331109fb16,NA,NA,NA,NA,131,Peripheral Blood,NA,NA,WHITE,1,NA,Primary,3,Male,NA,Bone Marrow,Matched,NA,NA,NA,NA,NA,AB,0.4,A
laml_tcga,TCGA-AB-2969,TCGA-AB-2969-03,8,55,NO,1,8,Leukemia,Acute Myeloid Leukemia,Normal,NA,NA,NA,NA,NOT HISPANIC OR LATINO,M5,12/14/10,0.0000,No,No,NA,NA,NA,YES,2006,NO,NA,NA,NA,NA,NO,8,NA,AML,37.02,0:LIVING,NA,929de9a5-3224-4851-8ff0-8a92354c1f16,9069b85b-eeba-49c0-a624-65817cc0e915,NA,NA,NA,NA,17,Peripheral Blood,NA,NA,WHITE,1,NA,Primary,3,Male,NA,Bone Marrow,Matched,NA,NA,NA,NA,NA,AB,0.266666666667,A
laml_tcga,TCGA-AB-2970,TCGA-AB-2970-03,1,34,NO,0,58,Leukemia,Acute Myeloid Leukemia,Normal,NA,NA,NA,NA,NOT HISPANIC OR LATINO,M4,12/14/10,0.0001,No,Yes,NA,NA,NA,YES,2007,NO,NA,NA,NA,NA,YES,6,NA,AML,10.02,1:DECEASED,NA,088c2e4e-fc4e-4252-84ed-e3ca2c401958,84d08806-f569-4ded-99ad-a1749de7018a,NA,NA,NA,NA,152,Peripheral Blood,NA,NA,WHITE,1,NA,Primary,3,Female,NA,Bone Marrow,Matched,NA,NA,NA,NA,NA,AB,0.2,A
laml_tcga,TCGA-AB-2971,TCGA-AB-2971-03,3,76,NO,0,16,Leukemia,Acute Myeloid Leukemia,Normal,NA,NA,NA,NA,NOT HISPANIC OR LATINO,M4,12/14/10,0.0023,No,No,NA,NA,NA,YES,2007,NO,NA,NA,NA,NA,YES,9,NA,AML,26.02,1:DECEASED,NA,5ece14fd-3d7f-4ecb-96aa-2c44d8f15ca4,3fb0c4ac-78b3-43d6-871b-05d1eb46ca62,NA,NA,NA,NA,52,Peripheral Blood,NA,NA,WHITE,1,NA,Primary,3,Female,NA,Bone Marrow,Matched,NA,NA,NA,NA,NA,AB,0.3,A
laml_tcga,TCGA-AB-2972,TCGA-AB-2972-03,2,82,NO,0,25,Leukemia,Acute Myeloid Leukemia,Normal,NA,NA,NA,NA,NOT HISPANIC OR LATINO,M2,12/14/10,0.0003,No,No,NA,NA,NA,YES,2007,NO,NA,NA,NA,NA,YES,21,NA,AML,0.99,1:DECEASED,NA,a436f4d7-018e-44e3-a615-9c33fcc1167d,56f40052-1f82-4e6d-98ab-6e5e132d59a4,NA,NA,NA,NA,30,Peripheral Blood,NA,NA,WHITE,1,NA,Primary,3,Female,NA,Bone Marrow,Matched,NA,NA,NA,NA,NA,AB,0.7,A
laml_tcga,TCGA-AB-2973,TCGA-AB-2973-03,3,68,NO,0,10,Leukemia,Acute Myeloid Leukemia,Normal,NA,NA,NA,NA,NOT HISPANIC OR LATINO,M4,12/14/10,0.0003,No,No,NA,NA,NA,YES,2007,NO,NA,NA,NA,NA,YES,4,NA,AML,20.01,1:DECEASED,NA,b234d53e-cc20-41c0-9f21-31db53570a37,f5a6b358-4924-4ee2-8687-363900a008e8,NA,NA,NA,NA,79,Peripheral Blood,NA,NA,WHITE,1,NA,Primary,3,Female,NA,Bone Marrow,Matched,NA,NA,NA,NA,NA,AB,0.166666666667,A
laml_tcga,TCGA-AB-2974,TCGA-AB-2974-03,0,67,NO,0,3,Leukemia,Acute Myeloid Leukemia,Normal,NA,NA,NA,NA,NOT HISPANIC OR LATINO,M5,12/14/10,0.0000,Yes,Yes,NA,NA,NA,YES,2007,NO,NA,NA,NA,NA,YES,6,NA,AML,3.02,1:DECEASED,NA,ff7839bb-176e-4483-ac6e-7fae9f6e2e54,43b83836-5ff0-4239-88fa-7a5b07fdf5e1,NA,NA,NA,NA,79,Peripheral Blood,NA,NA,WHITE,1,NA,Primary,3,Female,NA,Bone Marrow,Matched,NA,NA,NA,NA,NA,AB,0.2,A
laml_tcga,TCGA-AB-2975,TCGA-AB-2975-03,0,54,NO,0,71,Leukemia,Acute Myeloid Leukemia,Normal,NA,NA,NA,NA,NOT HISPANIC OR LATINO,M2,12/14/10,0.0001,No,No,NA,NA,NA,YES,2007,NO,NA,NA,NA,NA,YES,2,NA,AML,NA,1:DECEASED,NA,93ff9379-d1a1-412f-a776-c53397ba0dc3,bc1b4410-07a6-4b5d-b8e9-78a6a171905e,NA,NA,NA,NA,87,Peripheral Blood,NA,NA,BLACK OR AFRICAN AMERICAN,1,NA,Primary,3,Male,NA,Bone Marrow,Matched,NA,NA,NA,NA,NA,AB,0.0666666666667,A
laml_tcga,TCGA-AB-2976,TCGA-AB-2976-03,0,53,NO,0,52,Leukemia,Acute Myeloid Leukemia,Normal,NA,NA,NA,NA,NOT HISPANIC OR LATINO,M1,12/14/10,0.0000,Yes,No,NA,NA,NA,YES,2007,NO,NA,NA,NA,NA,YES,15,NA,AML,30.06,1:DECEASED,NA,c0c52e79-813b-45a9-8021-343aaa6663f6,bdcfda22-db12-4cac-b99d-c1fcc4abb4a3,NA,NA,NA,NA,30,Peripheral Blood,NA,NA,WHITE,1,NA,Primary,3,Male,NA,Bone Marrow,Matched,NA,NA,NA,NA,NA,AB,0.5,A
laml_tcga,TCGA-AB-2977,TCGA-AB-2977-03,0,71,NO,1,67,Leukemia,Acute Myeloid Leukemia,Normal,NA,NA,NA,NA,NOT HISPANIC OR LATINO,M2,12/14/10,0.0001,No,No,NA,NA,NA,YES,2008,NO,NA,NA,NA,NA,YES,5,NA,AML,1.02,1:DECEASED,NA,f95063bc-a640-4980-99a7-84645902daf4,87a5e85b-00c3-4eb7-9548-f2b83f6afac3,NA,NA,NA,NA,44,Peripheral Blood,NA,NA,WHITE,1,NA,Primary,3,Female,NA,Bone Marrow,Matched,NA,NA,NA,NA,NA,AB,0.166666666667,A
laml_tcga,TCGA-AB-2978,TCGA-AB-2978-03,0,61,NO,4,32,Leukemia,Acute Myeloid Leukemia,Normal,NA,NA,NA,NA,NOT HISPANIC OR LATINO,M2,12/14/10,0.0000,No,No,NA,NA,NA,YES,2008,NO,NA,NA,NA,NA,YES,16,NA,AML,22.96,0:LIVING,NA,90fc467c-2b0d-461d-a1b8-c2a519354367,37a5c03c-45c2-4096-8712-370ce5ebfbbd,NA,NA,NA,NA,140,Peripheral Blood,NA,NA,WHITE,1,NA,Primary,3,Female,NA,Bone Marrow,Matched,NA,NA,NA,NA,NA,AB,0.533333333333,A
laml_tcga,TCGA-AB-2979,TCGA-AB-2979-03,0,30,NO,0,88,Leukemia,Acute Myeloid Leukemia,Normal,NA,NA,NA,NA,NOT HISPANIC OR LATINO,M1,12/14/10,NA,No,No,NA,NA,NA,YES,2008,NO,NA,NA,NA,NA,YES,7,NA,AML,22.04,0:LIVING,NA,ce7e25dc-5df9-48c5-8f9f-756f6cf765eb,0c692014-1ed0-4429-b119-1d962763cade,NA,NA,NA,NA,59,Peripheral Blood,NA,NA,WHITE,1,NA,Primary,3,Female,NA,Bone Marrow,Matched,NA,NA,NA,NA,NA,AB,0.233333333333,A
laml_tcga,TCGA-AB-2980,TCGA-AB-2980-03,2,50,NO,0,10,Leukemia,Acute Myeloid Leukemia,t(15;17) and variants,NA,NA,NA,NA,NOT HISPANIC OR LATINO,M3,12/14/10,0.0001,No,No,NA,NA,NA,YES,2008,NO,NA,NA,NA,NA,YES,5,NA,AML,22.96,0:LIVING,NA,882ecf72-433b-46fa-9bc4-628c2d943cd1,facb0ece-bfea-4bfa-ae42-817e3231a1ab,NA,NA,NA,NA,58,Peripheral Blood,NA,NA,WHITE,1,NA,Primary,3,Male,NA,Bone Marrow,Matched,NA,NA,NA,NA,NA,AB,0.166666666667,A
laml_tcga,TCGA-AB-2981,TCGA-AB-2981-03,0,35,NO,0,8,Leukemia,Acute Myeloid Leukemia,Normal,NA,NA,NA,NA,NOT HISPANIC OR LATINO,M5,12/14/10,NA,Yes,No,NA,NA,NA,YES,2008,NO,NA,NA,NA,NA,YES,5,NA,AML,16,0:LIVING,NA,be6dd0e8-9966-4961-987d-4d64d15ff9ca,324efa3e-4cca-4748-a895-b40339de154b,NA,NA,NA,NA,19,Peripheral Blood,NA,NA,WHITE,1,NA,Primary,3,Female,NA,Bone Marrow,Matched,NA,NA,NA,NA,NA,AB,0.133333333333,A
laml_tcga,TCGA-AB-2982,TCGA-AB-2982-03,0,29,NO,1,0,Leukemia,Acute Myeloid Leukemia,Normal|t(15;17) and variants,NA,NA,NA,NA,NA,M3,12/14/10,0.0001,No,No,NA,NA,NA,YES,2007,NO,NA,NA,NA,NA,YES,2,NA,AML,4.93,0:LIVING,NA,ae9bbada-d987-4757-a081-74f005821c09,f85c74c6-d7ea-4c0c-9cea-267e5e65cff8,NA,NA,NA,NA,29,Peripheral Blood,NA,NA,NA,1,NA,Primary,3,Female,NA,Bone Marrow,Matched,NA,NA,NA,NA,NA,AB,0.0666666666667,A
laml_tcga,TCGA-AB-2983,TCGA-AB-2983-03,0,45,NO,5,0,Leukemia,Acute Myeloid Leukemia,Normal,NA,NA,NA,NA,NOT HISPANIC OR LATINO,M0 Undifferentiated,12/14/10,0.0000,No,No,NA,NA,NA,YES,2006,NO,NA,NA,NA,NA,NO,12,NA,AML,11.01,1:DECEASED,NA,082ca353-a5ae-421f-ae58-098257a1425f,edce86c4-62ed-4744-a50b-97acb4eee60c,NA,NA,NA,NA,156,Peripheral Blood,NA,NA,WHITE,1,NA,Primary,3,Male,NA,Bone Marrow,Matched,NA,NA,NA,NA,NA,AB,0.4,A
laml_tcga,TCGA-AB-2984,TCGA-AB-2984-03,0,38,NO,0,97,Leukemia,Acute Myeloid Leukemia,Normal,NA,NA,NA,NA,NOT HISPANIC OR LATINO,M1,12/14/10,0.0000,No,No,NA,NA,NA,YES,2006,NO,NA,NA,NA,NA,NO,10,NA,AML,38.01,0:LIVING,NA,810d293b-7dfc-4e91-ab29-042457632399,bd27e567-768f-4a37-b401-4330849b28b6,NA,NA,NA,NA,19,Peripheral Blood,NA,NA,WHITE,1,NA,Primary,3,Male,NA,Bone Marrow,Matched,NA,NA,NA,NA,NA,AB,0.333333333333,A
laml_tcga,TCGA-AB-2985,TCGA-AB-2985-03,0,81,NO,0,7,Leukemia,Acute Myeloid Leukemia,Normal,NA,NA,NA,NA,NOT HISPANIC OR LATINO,M5,12/14/10,0.0000,Yes,No,NA,NA,NA,YES,2008,NO,NA,NA,NA,NA,NO,4,NA,AML,8.97,1:DECEASED,NA,2ca0c154-c4fb-4b6d-845f-f2a5a4cc2416,ced7ef84-17d9-43ec-bb99-98d9d894f9e9,NA,NA,NA,NA,61,Peripheral Blood,NA,NA,WHITE,1,NA,Primary,3,Female,NA,Bone Marrow,Matched,NA,NA,NA,NA,NA,AB,0.133333333333,A
laml_tcga,TCGA-AB-2986,TCGA-AB-2986-03,0,31,NO,1,45,Leukemia,Acute Myeloid Leukemia,Normal,NA,NA,NA,NA,NOT HISPANIC OR LATINO,M2,12/14/10,0.0001,No,No,NA,NA,NA,YES,2008,NO,NA,NA,NA,NA,YES,12,NA,AML,6.96,1:DECEASED,NA,233400c5-6a47-40e2-bf2a-8b7fc9df462b,192b8235-8b09-4102-91ce-ddb77a5e0bad,NA,NA,NA,NA,36,Peripheral Blood,NA,NA,WHITE,1,NA,Primary,3,Female,NA,Bone Marrow,Matched,NA,NA,NA,NA,NA,AB,0.4,A
laml_tcga,TCGA-AB-2987,TCGA-AB-2987-03,0,75,NO,0,0,Leukemia,Acute Myeloid Leukemia,Normal|del(7q) / 7q-,NA,NA,NA,NA,NOT HISPANIC OR LATINO,M5,12/14/10,0.0001,Yes,No,NA,NA,NA,YES,2008,NO,NA,NA,NA,NA,YES,7,NA,AML,6.04,1:DECEASED,NA,c147d12e-5e96-484e-bbe7-dc2f11f889bf,401a0850-b8a9-4fc2-9002-9547cbf5e957,NA,NA,NA,NA,11,Peripheral Blood,NA,NA,WHITE,1,NA,Primary,3,Female,NA,Bone Marrow,Matched,NA,NA,NA,NA,NA,AB,0.233333333333,A
laml_tcga,TCGA-AB-2988,TCGA-AB-2988-03,0,67,NO,1,49,Leukemia,Acute Myeloid Leukemia,Normal,NA,NA,NA,NA,NOT HISPANIC OR LATINO,M1,12/14/10,0.0000,No,No,NA,NA,NA,YES,2008,NO,NA,NA,NA,NA,YES,14,NA,AML,0.99,1:DECEASED,NA,4b8ff65f-b563-4519-b984-c7cf26b3ad73,a1a2b655-97d5-490f-8d2a-874d4da7dabb,NA,NA,NA,NA,71,Peripheral Blood,NA,NA,WHITE,1,NA,Primary,3,Female,NA,Bone Marrow,Matched,NA,NA,NA,NA,NA,AB,0.466666666667,A
laml_tcga,TCGA-AB-2989,TCGA-AB-2989-03,1,29,NO,1,9,Leukemia,Acute Myeloid Leukemia,Normal,NA,NA,NA,NA,NOT HISPANIC OR LATINO,M2,12/14/10,0.0002,No,No,NA,NA,NA,YES,2008,NO,NA,NA,NA,NA,NA,11,NA,AML,11.99,1:DECEASED,NA,e2e610ce-31c3-4fc0-917d-92d48feb600a,04b6f323-9f46-4de1-9d8f-bb6853d8c93a,NA,NA,NA,NA,13,Peripheral Blood,NA,NA,WHITE,1,NA,Primary,3,Male,NA,Bone Marrow,Matched,NA,NA,NA,NA,NA,AB,0.366666666667,A
laml_tcga,TCGA-AB-2990,TCGA-AB-2990-03,0,51,NO,0,85,Leukemia,Acute Myeloid Leukemia,Normal,NA,NA,NA,NA,NOT HISPANIC OR LATINO,M1,12/14/10,0.0000,No,No,NA,NA,NA,YES,2008,NO,NA,NA,NA,NA,YES,8,NA,AML,15.01,0:LIVING,NA,d1bf3b65-493e-4249-8cb3-7c9f8ce4dc48,7170e3d6-866f-47ba-9b00-681cf3c09f67,NA,NA,NA,NA,45,Peripheral Blood,NA,NA,WHITE,1,NA,Primary,3,Male,NA,Bone Marrow,Matched,NA,NA,NA,NA,NA,AB,0.266666666667,A
laml_tcga,TCGA-AB-2991,TCGA-AB-2991-03,0,40,NA,0,0,Leukemia,Acute Myeloid Leukemia,+8|t(15;17) and variants,NA,NA,NA,NA,NOT HISPANIC OR LATINO,M3,12/14/10,0.0000,No,No,NA,NA,NA,YES,2004,NO,NA,NA,NA,NA,NO,8,NA,AML,59.99,0:LIVING,NA,28bb21f0-2851-4b7e-9f8a-6d0a016318e2,2aab4284-20db-4702-91d3-da820141394b,NA,NA,NA,NA,34,Peripheral Blood,NA,NA,WHITE,1,NA,Primary,3,Female,NA,Bone Marrow,Matched,NA,NA,NA,NA,NA,AB,0.266666666667,A
laml_tcga,TCGA-AB-2992,TCGA-AB-2992-03,0,32,NO,0,70,Leukemia,Acute Myeloid Leukemia,Normal,NA,NA,NA,NA,NOT HISPANIC OR LATINO,M1,12/14/10,0.0005,No,No,NA,NA,NA,YES,2003,NO,NA,NA,NA,NA,NO,8,NA,AML,56.04,1:DECEASED,NA,bec60bdd-34e7-467c-8662-f3a1bb1a4361,619c2343-330e-4dbe-a810-bd70ea4eff66,NA,NA,NA,NA,39,Peripheral Blood,NA,NA,WHITE,1,NA,Primary,3,Female,NA,Bone Marrow,Matched,NA,NA,NA,NA,NA,AB,0.266666666667,A
laml_tcga,TCGA-AB-2993,TCGA-AB-2993-03,0,57,NA,0,91,Leukemia,Acute Myeloid Leukemia,Normal,NA,NA,NA,NA,NOT HISPANIC OR LATINO,M4,12/14/10,0.0000,Yes,No,NA,NA,NA,YES,2004,NO,NA,NA,NA,NA,NO,12,NA,AML,25,1:DECEASED,NA,74d13c8f-6cd4-44e1-9767-a136fa411448,1e58625b-9090-4f92-a19c-f1b8e22f11f8,NA,NA,NA,NA,82,Peripheral Blood,NA,NA,WHITE,1,NA,Primary,3,Female,NA,Bone Marrow,Matched,NA,NA,NA,NA,NA,AB,0.4,A
laml_tcga,TCGA-AB-2994,TCGA-AB-2994-03,1,25,NO,1,7,Leukemia,Acute Myeloid Leukemia,t(15;17) and variants,NA,NA,NA,NA,NOT HISPANIC OR LATINO,M3,12/14/10,0.0000,No,No,NA,NA,NA,YES,2005,NO,NA,NA,NA,NA,NO,6,NA,AML,59.07,0:LIVING,NA,b5f20ec2-ff5d-4aac-8db6-49887506f0b3,793afd96-44ac-4c80-80db-1a072ac7611e,NA,NA,NA,NA,18,Peripheral Blood,NA,NA,WHITE,1,NA,Primary,3,Male,NA,Bone Marrow,Matched,NA,NA,NA,NA,NA,AB,0.2,A
laml_tcga,TCGA-AB-2995,TCGA-AB-2995-03,0,63,NA,2,0,Leukemia,Acute Myeloid Leukemia,Normal,NA,NA,NA,NA,NOT HISPANIC OR LATINO,M2,12/14/10,0.0004,No,No,NA,NA,NA,YES,2005,NO,NA,NA,NA,NA,NO,5,NA,AML,50.95,0:LIVING,NA,eb14339d-fefa-46c3-99a6-55268384361a,a9ce5c16-9d28-4211-bac5-d1f6106f22fa,NA,NA,NA,NA,43,Peripheral Blood,NA,NA,WHITE,1,NA,Primary,3,Male,NA,Bone Marrow,Matched,NA,NA,NA,NA,NA,AB,0.166666666667,A
laml_tcga,TCGA-AB-2996,TCGA-AB-2996-03,0,74,NO,0,2,Leukemia,Acute Myeloid Leukemia,Normal,NA,NA,NA,NA,NOT HISPANIC OR LATINO,M2,12/14/10,0.0001,No,Yes,NA,NA,NA,YES,2005,NO,NA,NA,NA,NA,NO,12,NA,AML,51.94,0:LIVING,NA,5d10ca47-abc6-4953-9620-1c63542354bf,1ec304d2-e533-41a8-9244-84e3937de8fa,NA,NA,NA,NA,118,Peripheral Blood,NA,NA,WHITE,1,NA,Primary,3,Male,NA,Bone Marrow,Matched,NA,NA,NA,NA,NA,AB,0.4,A
laml_tcga,TCGA-AB-2997,TCGA-AB-2997-03,0,25,NO,0,0,Leukemia,Acute Myeloid Leukemia,t(15;17) and variants,NA,NA,NA,NA,NOT HISPANIC OR LATINO,M3,12/14/10,0.0001,No,No,NA,NA,NA,YES,2006,NO,NA,NA,NA,NA,YES,10,NA,AML,NA,1:DECEASED,NA,5e491ce4-d8da-495b-a3aa-177e06cd69d0,429967b4-dc06-46c6-ad15-7b841d7b484e,NA,NA,NA,NA,32,Peripheral Blood,NA,NA,WHITE,1,NA,Primary,3,Female,NA,Bone Marrow,Matched,NA,NA,NA,NA,NA,AB,0.333333333333,A
laml_tcga,TCGA-AB-2998,TCGA-AB-2998-03,3,68,NO,1,32,Leukemia,Acute Myeloid Leukemia,t(15;17) and variants,NA,NA,NA,NA,NOT HISPANIC OR LATINO,M3,12/14/10,0.0000,Yes,No,NA,NA,NA,YES,2008,NO,NA,NA,NA,NA,YES,5,NA,AML,1.02,1:DECEASED,NA,ba9a95cf-44ce-4126-ba21-4970dfa12593,c87415bf-fed9-4f79-bcd3-dded3357a9d7,NA,NA,NA,NA,73,Peripheral Blood,NA,NA,WHITE,1,NA,Primary,3,Female,NA,Bone Marrow,Matched,NA,NA,NA,NA,NA,AB,0.166666666667,A
laml_tcga,TCGA-AB-2999,TCGA-AB-2999-03,6,62,NO,0,11,Leukemia,Acute Myeloid Leukemia,Normal|t(15;17) and variants,NA,NA,NA,NA,NOT HISPANIC OR LATINO,M3,12/14/10,0.0000,No,No,NA,NA,NA,YES,2004,NO,NA,NA,NA,NA,NO,8,NA,AML,57,0:LIVING,NA,646631ce-7a1f-4274-abb7-780b939e182f,b28629d5-7473-4ddd-afa1-b57da9e1c50a,NA,NA,NA,NA,15,Peripheral Blood,NA,NA,WHITE,1,NA,Primary,3,Male,NA,Bone Marrow,Matched,NA,NA,NA,NA,NA,AB,0.266666666667,A
laml_tcga,TCGA-AB-3000,TCGA-AB-3000-03,0,25,NO,0,71,Leukemia,Acute Myeloid Leukemia,Normal,NA,NA,NA,NA,NOT HISPANIC OR LATINO,M2,12/14/10,0.0002,Yes,No,NA,NA,NA,YES,2006,NO,NA,NA,NA,NA,NO,3,NA,AML,41.03,0:LIVING,NA,92c7e4d6-eb53-46c5-9721-5edccd60bcc9,6c2be933-f491-4eec-8882-6b35bd4f8ef3,NA,NA,NA,NA,60,Peripheral Blood,NA,NA,WHITE,1,NA,Primary,3,Male,NA,Bone Marrow,Matched,NA,NA,NA,NA,NA,AB,0.1,A
laml_tcga,TCGA-AB-3001,TCGA-AB-3001-03,0,31,NO,0,0,Leukemia,Acute Myeloid Leukemia,Normal|t(15;17) and variants,NA,NA,NA,NA,NOT HISPANIC OR LATINO,M3,12/14/10,0.0000,No,No,NA,NA,NA,YES,2005,NO,NA,NA,NA,NA,NO,10,NA,AML,51.94,0:LIVING,NA,66392380-a9fe-45b7-9191-60993f3f77f4,348a5ff5-f680-43f6-bb5d-0ef46575c832,NA,NA,NA,NA,208,Peripheral Blood,NA,NA,WHITE,1,NA,Primary,3,Female,NA,Bone Marrow,Matched,NA,NA,NA,NA,NA,AB,0.333333333333,A
laml_tcga,TCGA-AB-3002,TCGA-AB-3002-03,2,68,NO,0,48,Leukemia,Acute Myeloid Leukemia,Normal,NA,NA,NA,NA,NOT HISPANIC OR LATINO,M2,12/14/10,0.0002,No,No,NA,NA,NA,YES,2005,NO,NA,NA,NA,NA,NO,21,NA,AML,47.01,1:DECEASED,NA,478f29b1-6604-4e75-a492-47c384799f44,61c0f3df-32c8-4bce-816b-39579f06bc5b,NA,NA,NA,NA,96,Peripheral Blood,NA,NA,WHITE,1,NA,Primary,3,Male,NA,Bone Marrow,Matched,NA,NA,NA,NA,NA,AB,0.733333333333,A
laml_tcga,TCGA-AB-3005,TCGA-AB-3005-03,0,45,NO,12,0,Leukemia,Acute Myeloid Leukemia,Normal,NA,NA,NA,NA,NOT HISPANIC OR LATINO,M5,12/14/10,0.0001,No,No,NA,NA,NA,YES,2003,NO,NA,NA,NA,NA,NO,15,NA,AML,68.99,0:LIVING,NA,e49a1768-bf1e-49c0-bca3-4e076928281c,d2c577b5-6c67-4a19-add7-fb87fa52523c,NA,NA,NA,NA,257,Peripheral Blood,NA,NA,WHITE,1,NA,Primary,3,Male,NA,Bone Marrow,Matched,NA,NA,NA,NA,NA,AB,0.5,A
laml_tcga,TCGA-AB-3006,TCGA-AB-3006-03,15,61,NA,2,14,Leukemia,Acute Myeloid Leukemia,Normal,NA,NA,NA,NA,NOT HISPANIC OR LATINO,M1,12/14/10,0.0000,No,No,NA,NA,NA,YES,2006,NO,NA,NA,NA,NA,NO,14,NA,AML,15.93,1:DECEASED,NA,c9943335-86a8-4286-891c-c2331d75dc0d,a7048844-bc20-4f26-a46d-9d2ac2e7bfb5,NA,NA,NA,NA,61,Peripheral Blood,NA,NA,WHITE,1,NA,Primary,3,Male,NA,Bone Marrow,Matched,NA,NA,NA,NA,NA,AB,0.466666666667,A
laml_tcga,TCGA-AB-3007,TCGA-AB-3007-03,0,35,NO,1,7,Leukemia,Acute Myeloid Leukemia,Normal|del(7q) / 7q-|+8|t(15;17) and variants,NA,NA,NA,NA,NOT HISPANIC OR LATINO,M3,12/14/10,0.0714,No,No,NA,NA,NA,YES,2005,NO,NA,NA,NA,NA,NO,6,NA,AML,51.94,0:LIVING,NA,d3988699-70d6-43e1-b84b-9e38b4d2d2b1,f1ffc6d2-cb72-4139-b1b6-1f37a702b879,NA,NA,NA,NA,12,Peripheral Blood,NA,NA,WHITE,1,NA,Primary,3,Male,NA,Bone Marrow,Matched,NA,NA,NA,NA,NA,AB,0.2,A
laml_tcga,TCGA-AB-3008,TCGA-AB-3008-03,0,22,NO,0,90,Leukemia,Acute Myeloid Leukemia,Normal,NA,NA,NA,NA,NOT HISPANIC OR LATINO,M1,12/14/10,0.0000,Yes,No,NA,NA,NA,YES,2005,NO,NA,NA,NA,NA,NO,3,NA,AML,27,1:DECEASED,NA,898a092e-89fe-4010-afea-14c605f99481,8c783e13-d589-4489-b3a6-8d4f4c4d514f,NA,NA,NA,NA,32,Peripheral Blood,NA,NA,WHITE,1,NA,Primary,3,Male,NA,Bone Marrow,Matched,NA,NA,NA,NA,NA,AB,0.1,A
laml_tcga,TCGA-AB-3009,TCGA-AB-3009-03,0,23,NO,0,63,Leukemia,Acute Myeloid Leukemia,Normal,NA,NA,NA,NA,NA,M4,12/14/10,0.0005,No,No,NA,NA,NA,YES,2005,NO,NA,NA,NA,NA,NA,34,NA,AML,18.96,1:DECEASED,NA,c9b92f8f-4599-47d1-9d12-31e42166a091,197053e3-848f-4d62-aefb-a8e0faa23967,NA,NA,NA,NA,23,Peripheral Blood,NA,NA,NA,1,NA,Primary,3,Male,NA,NA,Matched,NA,NA,NA,NA,NA,AB,1.133333333,A
laml_tcga,TCGA-AB-3011,TCGA-AB-3011-03,0,21,NO,0,83,Leukemia,Acute Myeloid Leukemia,Normal,NA,NA,NA,NA,NOT HISPANIC OR LATINO,M1,12/14/10,0.0000,No,No,NA,NA,NA,YES,2005,NO,NA,NA,NA,NA,NO,6,NA,AML,61.93,0:LIVING,NA,e08f84fe-0013-4734-9966-cd734e6fedc5,10740f2a-d9aa-46f6-b7cb-22719fb9b0e1,NA,NA,NA,NA,52,Peripheral Blood,NA,NA,WHITE,1,NA,Primary,3,Female,NA,Bone Marrow,Matched,NA,NA,NA,NA,NA,AB,0.2,A
laml_tcga,TCGA-AB-3012,TCGA-AB-3012-03,1,53,NO,1,29,Leukemia,Acute Myeloid Leukemia,t(15;17) and variants,NA,NA,NA,NA,NOT HISPANIC OR LATINO,M3,12/14/10,0.0001,No,No,NA,NA,NA,YES,2004,NO,NA,NA,NA,NA,NO,9,NA,AML,61.99,0:LIVING,NA,3997c824-8b85-4e1d-b4b1-d32c26155296,db8fc9f9-912f-4c9f-935d-34082e6536b2,NA,NA,NA,NA,46,Peripheral Blood,NA,NA,WHITE,1,NA,Primary,3,Male,NA,Bone Marrow,Matched,NA,NA,NA,NA,NA,AB,0.3,A
